ligand,receptor,pathway,signaling
TGFB1,TGFBR1_TGFBR2,TGFb,Secreted Signaling
TGFB2,TGFBR1_TGFBR2,TGFb,Secreted Signaling
TGFB3,TGFBR1_TGFBR2,TGFb,Secreted Signaling
TGFB1,ACVR1B_TGFBR2,TGFb,Secreted Signaling
TGFB1,ACVR1C_TGFBR2,TGFb,Secreted Signaling
TGFB2,ACVR1B_TGFBR2,TGFb,Secreted Signaling
TGFB2,ACVR1C_TGFBR2,TGFb,Secreted Signaling
TGFB3,ACVR1B_TGFBR2,TGFb,Secreted Signaling
TGFB3,ACVR1C_TGFBR2,TGFb,Secreted Signaling
TGFB1,ACVR1_TGFBR1_TGFBR2,TGFb,Secreted Signaling
TGFB2,ACVR1_TGFBR1_TGFBR2,TGFb,Secreted Signaling
TGFB3,ACVR1_TGFBR1_TGFBR2,TGFb,Secreted Signaling
BMP2,BMPR1A_ACVR2A,BMP,Secreted Signaling
BMP2,BMPR1A_ACVR2B,BMP,Secreted Signaling
BMP2,BMPR1A_BMPR2,BMP,Secreted Signaling
BMP2,BMPR1B_ACVR2A,BMP,Secreted Signaling
BMP2,BMPR1B_ACVR2B,BMP,Secreted Signaling
BMP2,BMPR1B_BMPR2,BMP,Secreted Signaling
BMP4,BMPR1A_ACVR2A,BMP,Secreted Signaling
BMP4,BMPR1A_ACVR2B,BMP,Secreted Signaling
BMP4,BMPR1A_BMPR2,BMP,Secreted Signaling
BMP4,BMPR1B_ACVR2A,BMP,Secreted Signaling
BMP4,BMPR1B_ACVR2B,BMP,Secreted Signaling
BMP4,BMPR1B_BMPR2,BMP,Secreted Signaling
GDF5,BMPR1A_ACVR2A,BMP,Secreted Signaling
GDF5,BMPR1A_ACVR2B,BMP,Secreted Signaling
GDF5,BMPR1A_BMPR2,BMP,Secreted Signaling
GDF5,BMPR1B_ACVR2A,BMP,Secreted Signaling
GDF5,BMPR1B_ACVR2B,BMP,Secreted Signaling
GDF5,BMPR1B_BMPR2,BMP,Secreted Signaling
GDF6,BMPR1A_ACVR2A,BMP,Secreted Signaling
GDF6,BMPR1A_ACVR2B,BMP,Secreted Signaling
GDF6,BMPR1A_BMPR2,BMP,Secreted Signaling
GDF6,BMPR1B_ACVR2A,BMP,Secreted Signaling
GDF6,BMPR1B_ACVR2B,BMP,Secreted Signaling
GDF6,BMPR1B_BMPR2,BMP,Secreted Signaling
GDF7,BMPR1A_ACVR2A,BMP,Secreted Signaling
GDF7,BMPR1A_ACVR2B,BMP,Secreted Signaling
GDF7,BMPR1A_BMPR2,BMP,Secreted Signaling
GDF7,BMPR1B_ACVR2A,BMP,Secreted Signaling
GDF7,BMPR1B_ACVR2B,BMP,Secreted Signaling
GDF7,BMPR1B_BMPR2,BMP,Secreted Signaling
BMP15,BMPR1B_BMPR2,BMP,Secreted Signaling
BMP5,ACVR1_ACVR2A,BMP,Secreted Signaling
BMP5,ACVR1_ACVR2B,BMP,Secreted Signaling
BMP5,ACVR1_BMPR2,BMP,Secreted Signaling
BMP5,BMPR1A_ACVR2A,BMP,Secreted Signaling
BMP5,BMPR1A_ACVR2B,BMP,Secreted Signaling
BMP5,BMPR1A_BMPR2,BMP,Secreted Signaling
BMP5,BMPR1B_ACVR2A,BMP,Secreted Signaling
BMP5,BMPR1B_ACVR2B,BMP,Secreted Signaling
BMP5,BMPR1B_BMPR2,BMP,Secreted Signaling
BMP6,ACVR1_ACVR2A,BMP,Secreted Signaling
BMP6,ACVR1_ACVR2B,BMP,Secreted Signaling
BMP6,ACVR1_BMPR2,BMP,Secreted Signaling
BMP6,BMPR1A_ACVR2A,BMP,Secreted Signaling
BMP6,BMPR1A_ACVR2B,BMP,Secreted Signaling
BMP6,BMPR1A_BMPR2,BMP,Secreted Signaling
BMP6,BMPR1B_ACVR2A,BMP,Secreted Signaling
BMP6,BMPR1B_ACVR2B,BMP,Secreted Signaling
BMP6,BMPR1B_BMPR2,BMP,Secreted Signaling
BMP7,ACVR1_ACVR2A,BMP,Secreted Signaling
BMP7,ACVR1_ACVR2B,BMP,Secreted Signaling
BMP7,ACVR1_BMPR2,BMP,Secreted Signaling
BMP7,BMPR1A_ACVR2A,BMP,Secreted Signaling
BMP7,BMPR1A_ACVR2B,BMP,Secreted Signaling
BMP7,BMPR1A_BMPR2,BMP,Secreted Signaling
BMP7,BMPR1B_ACVR2A,BMP,Secreted Signaling
BMP7,BMPR1B_ACVR2B,BMP,Secreted Signaling
BMP7,BMPR1B_BMPR2,BMP,Secreted Signaling
BMP8A,ACVR1_ACVR2A,BMP,Secreted Signaling
BMP8A,ACVR1_ACVR2B,BMP,Secreted Signaling
BMP8A,ACVR1_BMPR2,BMP,Secreted Signaling
BMP8A,BMPR1A_ACVR2A,BMP,Secreted Signaling
BMP8A,BMPR1A_ACVR2B,BMP,Secreted Signaling
BMP8A,BMPR1A_BMPR2,BMP,Secreted Signaling
BMP8A,BMPR1B_ACVR2A,BMP,Secreted Signaling
BMP8A,BMPR1B_ACVR2B,BMP,Secreted Signaling
BMP8A,BMPR1B_BMPR2,BMP,Secreted Signaling
BMP8B,ACVR1_ACVR2A,BMP,Secreted Signaling
BMP8B,ACVR1_ACVR2B,BMP,Secreted Signaling
BMP8B,ACVR1_BMPR2,BMP,Secreted Signaling
BMP8B,BMPR1A_ACVR2A,BMP,Secreted Signaling
BMP8B,BMPR1A_ACVR2B,BMP,Secreted Signaling
BMP8B,BMPR1A_BMPR2,BMP,Secreted Signaling
BMP8B,BMPR1B_ACVR2A,BMP,Secreted Signaling
BMP8B,BMPR1B_ACVR2B,BMP,Secreted Signaling
BMP8B,BMPR1B_BMPR2,BMP,Secreted Signaling
BMP10,ACVRL1_BMPR2,BMP10,Secreted Signaling
BMP10,ACVRL1_ACVR2A,BMP10,Secreted Signaling
GDF2,ACVRL1_BMPR2,BMP10,Secreted Signaling
GDF2,ACVRL1_ACVR2A,BMP10,Secreted Signaling
GDF9,ACVR1B_BMPR2,GDF,Secreted Signaling
GDF10,ACVR1B_ACVR2A,GDF,Secreted Signaling
GDF11,TGFBR1_ACVR2A,GDF,Secreted Signaling
GDF11,TGFBR1_ACVR2B,GDF,Secreted Signaling
GDF11,ACVR1B_ACVR2B,GDF,Secreted Signaling
GDF15,TGFBR2,GDF,Secreted Signaling
MSTN,TGFBR1_ACVR2B,MSTN,Secreted Signaling
MSTN,ACVR1B_ACVR2B,MSTN,Secreted Signaling
MSTN,ACVR1B_ACVR2A,MSTN,Secreted Signaling
MSTN,TGFBR1_ACVR2A,MSTN,Secreted Signaling
AMH,AMHR2_ACVR1,AMH,Secreted Signaling
AMH,AMHR2_BMPR1A,AMH,Secreted Signaling
GDNF,GFRA1_RET,GDNF,Secreted Signaling
NRTN,GFRA2_RET,GDNF,Secreted Signaling
ARTN,GFRA3_RET,GDNF,Secreted Signaling
PSPN,GFRA4_RET,GDNF,Secreted Signaling
ARTN,GFRA1_RET,GDNF,Secreted Signaling
NODAL,ACVR1B_ACVR2A_CFC1,NODAL,Secreted Signaling
NODAL,ACVR1C_ACVR2A_CFC1,NODAL,Secreted Signaling
NODAL,ACVR1B_ACVR2B_CFC1,NODAL,Secreted Signaling
NODAL,ACVR1C_ACVR2B_CFC1,NODAL,Secreted Signaling
GDF1,ACVR1B_ACVR2A_CFC1,NODAL,Secreted Signaling
GDF1,ACVR1B_ACVR2B_CFC1,NODAL,Secreted Signaling
GDF1,ACVR1C_ACVR2A_CFC1,NODAL,Secreted Signaling
GDF1,ACVR1C_ACVR2B_CFC1,NODAL,Secreted Signaling
GDF3,ACVR1B_ACVR2A_CFC1,NODAL,Secreted Signaling
GDF3,ACVR1B_ACVR2B_CFC1,NODAL,Secreted Signaling
GDF3,ACVR1C_ACVR2A_CFC1,NODAL,Secreted Signaling
GDF3,ACVR1C_ACVR2B_CFC1,NODAL,Secreted Signaling
INHBA,ACVR1B_ACVR2A,ACTIVIN,Secreted Signaling
INHBA,ACVR1B_ACVR2B,ACTIVIN,Secreted Signaling
INHBB,ACVR1B_ACVR2A,ACTIVIN,Secreted Signaling
INHBB,ACVR1B_ACVR2B,ACTIVIN,Secreted Signaling
INHBB,ACVR1C_ACVR2A,ACTIVIN,Secreted Signaling
INHBB,ACVR1C_ACVR2B,ACTIVIN,Secreted Signaling
INHBC,ACVR1B_ACVR2A,ACTIVIN,Secreted Signaling
INHBC,ACVR1B_ACVR2B,ACTIVIN,Secreted Signaling
INHBC,ACVR1C_ACVR2A,ACTIVIN,Secreted Signaling
INHBC,ACVR1C_ACVR2B,ACTIVIN,Secreted Signaling
INHBE,ACVR1B_ACVR2A,ACTIVIN,Secreted Signaling
INHBE,ACVR1B_ACVR2B,ACTIVIN,Secreted Signaling
INHBE,ACVR1C_ACVR2A,ACTIVIN,Secreted Signaling
INHBE,ACVR1C_ACVR2B,ACTIVIN,Secreted Signaling
INHBA_INHBB,ACVR1B_ACVR2A,ACTIVIN,Secreted Signaling
INHBA_INHBB,ACVR1B_ACVR2B,ACTIVIN,Secreted Signaling
INHBA_INHBB,ACVR1C_ACVR2A,ACTIVIN,Secreted Signaling
INHBA_INHBB,ACVR1C_ACVR2B,ACTIVIN,Secreted Signaling
INHA_INHBA,ACVR2A,ACTIVIN,Secreted Signaling
INHA_INHBB,ACVR2B,ACTIVIN,Secreted Signaling
WNT1,FZD1_LRP5,WNT,Secreted Signaling
WNT1,FZD10_LRP5,WNT,Secreted Signaling
WNT1,FZD2_LRP5,WNT,Secreted Signaling
WNT1,FZD3_LRP5,WNT,Secreted Signaling
WNT1,FZD4_LRP5,WNT,Secreted Signaling
WNT1,FZD5_LRP5,WNT,Secreted Signaling
WNT1,FZD6_LRP5,WNT,Secreted Signaling
WNT1,FZD7_LRP5,WNT,Secreted Signaling
WNT1,FZD8_LRP5,WNT,Secreted Signaling
WNT1,FZD9_LRP5,WNT,Secreted Signaling
WNT10A,FZD1_LRP5,WNT,Secreted Signaling
WNT10A,FZD10_LRP5,WNT,Secreted Signaling
WNT10A,FZD2_LRP5,WNT,Secreted Signaling
WNT10A,FZD3_LRP5,WNT,Secreted Signaling
WNT10A,FZD4_LRP5,WNT,Secreted Signaling
WNT10A,FZD5_LRP5,WNT,Secreted Signaling
WNT10A,FZD6_LRP5,WNT,Secreted Signaling
WNT10A,FZD7_LRP5,WNT,Secreted Signaling
WNT10A,FZD8_LRP5,WNT,Secreted Signaling
WNT10A,FZD9_LRP5,WNT,Secreted Signaling
WNT10B,FZD1_LRP5,WNT,Secreted Signaling
WNT10B,FZD10_LRP5,WNT,Secreted Signaling
WNT10B,FZD2_LRP5,WNT,Secreted Signaling
WNT10B,FZD3_LRP5,WNT,Secreted Signaling
WNT10B,FZD4_LRP5,WNT,Secreted Signaling
WNT10B,FZD5_LRP5,WNT,Secreted Signaling
WNT10B,FZD6_LRP5,WNT,Secreted Signaling
WNT10B,FZD7_LRP5,WNT,Secreted Signaling
WNT10B,FZD8_LRP5,WNT,Secreted Signaling
WNT10B,FZD9_LRP5,WNT,Secreted Signaling
WNT16,FZD1_LRP5,WNT,Secreted Signaling
WNT16,FZD10_LRP5,WNT,Secreted Signaling
WNT16,FZD2_LRP5,WNT,Secreted Signaling
WNT16,FZD3_LRP5,WNT,Secreted Signaling
WNT16,FZD4_LRP5,WNT,Secreted Signaling
WNT16,FZD5_LRP5,WNT,Secreted Signaling
WNT16,FZD6_LRP5,WNT,Secreted Signaling
WNT16,FZD7_LRP5,WNT,Secreted Signaling
WNT16,FZD8_LRP5,WNT,Secreted Signaling
WNT16,FZD9_LRP5,WNT,Secreted Signaling
WNT2,FZD1_LRP5,WNT,Secreted Signaling
WNT2,FZD10_LRP5,WNT,Secreted Signaling
WNT2,FZD2_LRP5,WNT,Secreted Signaling
WNT2,FZD3_LRP5,WNT,Secreted Signaling
WNT2,FZD4_LRP5,WNT,Secreted Signaling
WNT2,FZD5_LRP5,WNT,Secreted Signaling
WNT2,FZD6_LRP5,WNT,Secreted Signaling
WNT2,FZD7_LRP5,WNT,Secreted Signaling
WNT2,FZD8_LRP5,WNT,Secreted Signaling
WNT2,FZD9_LRP5,WNT,Secreted Signaling
WNT2B,FZD1_LRP5,WNT,Secreted Signaling
WNT2B,FZD10_LRP5,WNT,Secreted Signaling
WNT2B,FZD2_LRP5,WNT,Secreted Signaling
WNT2B,FZD3_LRP5,WNT,Secreted Signaling
WNT2B,FZD4_LRP5,WNT,Secreted Signaling
WNT2B,FZD5_LRP5,WNT,Secreted Signaling
WNT2B,FZD6_LRP5,WNT,Secreted Signaling
WNT2B,FZD7_LRP5,WNT,Secreted Signaling
WNT2B,FZD8_LRP5,WNT,Secreted Signaling
WNT2B,FZD9_LRP5,WNT,Secreted Signaling
WNT3,FZD1_LRP5,WNT,Secreted Signaling
WNT3,FZD10_LRP5,WNT,Secreted Signaling
WNT3,FZD2_LRP5,WNT,Secreted Signaling
WNT3,FZD3_LRP5,WNT,Secreted Signaling
WNT3,FZD4_LRP5,WNT,Secreted Signaling
WNT3,FZD5_LRP5,WNT,Secreted Signaling
WNT3,FZD6_LRP5,WNT,Secreted Signaling
WNT3,FZD7_LRP5,WNT,Secreted Signaling
WNT3,FZD8_LRP5,WNT,Secreted Signaling
WNT3,FZD9_LRP5,WNT,Secreted Signaling
WNT3A,FZD1_LRP5,WNT,Secreted Signaling
WNT3A,FZD10_LRP5,WNT,Secreted Signaling
WNT3A,FZD2_LRP5,WNT,Secreted Signaling
WNT3A,FZD3_LRP5,WNT,Secreted Signaling
WNT3A,FZD4_LRP5,WNT,Secreted Signaling
WNT3A,FZD5_LRP5,WNT,Secreted Signaling
WNT3A,FZD6_LRP5,WNT,Secreted Signaling
WNT3A,FZD7_LRP5,WNT,Secreted Signaling
WNT3A,FZD8_LRP5,WNT,Secreted Signaling
WNT3A,FZD9_LRP5,WNT,Secreted Signaling
WNT4,FZD1_LRP5,WNT,Secreted Signaling
WNT4,FZD10_LRP5,WNT,Secreted Signaling
WNT4,FZD2_LRP5,WNT,Secreted Signaling
WNT4,FZD3_LRP5,WNT,Secreted Signaling
WNT4,FZD4_LRP5,WNT,Secreted Signaling
WNT4,FZD5_LRP5,WNT,Secreted Signaling
WNT4,FZD6_LRP5,WNT,Secreted Signaling
WNT4,FZD7_LRP5,WNT,Secreted Signaling
WNT4,FZD8_LRP5,WNT,Secreted Signaling
WNT4,FZD9_LRP5,WNT,Secreted Signaling
WNT6,FZD1_LRP5,WNT,Secreted Signaling
WNT6,FZD10_LRP5,WNT,Secreted Signaling
WNT6,FZD2_LRP5,WNT,Secreted Signaling
WNT6,FZD3_LRP5,WNT,Secreted Signaling
WNT6,FZD4_LRP5,WNT,Secreted Signaling
WNT6,FZD5_LRP5,WNT,Secreted Signaling
WNT6,FZD6_LRP5,WNT,Secreted Signaling
WNT6,FZD7_LRP5,WNT,Secreted Signaling
WNT6,FZD8_LRP5,WNT,Secreted Signaling
WNT6,FZD9_LRP5,WNT,Secreted Signaling
WNT7A,FZD1_LRP5,WNT,Secreted Signaling
WNT7A,FZD10_LRP5,WNT,Secreted Signaling
WNT7A,FZD2_LRP5,WNT,Secreted Signaling
WNT7A,FZD3_LRP5,WNT,Secreted Signaling
WNT7A,FZD4_LRP5,WNT,Secreted Signaling
WNT7A,FZD5_LRP5,WNT,Secreted Signaling
WNT7A,FZD6_LRP5,WNT,Secreted Signaling
WNT7A,FZD7_LRP5,WNT,Secreted Signaling
WNT7A,FZD8_LRP5,WNT,Secreted Signaling
WNT7A,FZD9_LRP5,WNT,Secreted Signaling
WNT7B,FZD1_LRP5,WNT,Secreted Signaling
WNT7B,FZD10_LRP5,WNT,Secreted Signaling
WNT7B,FZD2_LRP5,WNT,Secreted Signaling
WNT7B,FZD3_LRP5,WNT,Secreted Signaling
WNT7B,FZD4_LRP5,WNT,Secreted Signaling
WNT7B,FZD5_LRP5,WNT,Secreted Signaling
WNT7B,FZD6_LRP5,WNT,Secreted Signaling
WNT7B,FZD7_LRP5,WNT,Secreted Signaling
WNT7B,FZD8_LRP5,WNT,Secreted Signaling
WNT7B,FZD9_LRP5,WNT,Secreted Signaling
WNT8A,FZD1_LRP5,WNT,Secreted Signaling
WNT8A,FZD10_LRP5,WNT,Secreted Signaling
WNT8A,FZD2_LRP5,WNT,Secreted Signaling
WNT8A,FZD3_LRP5,WNT,Secreted Signaling
WNT8A,FZD4_LRP5,WNT,Secreted Signaling
WNT8A,FZD5_LRP5,WNT,Secreted Signaling
WNT8A,FZD6_LRP5,WNT,Secreted Signaling
WNT8A,FZD7_LRP5,WNT,Secreted Signaling
WNT8A,FZD8_LRP5,WNT,Secreted Signaling
WNT8A,FZD9_LRP5,WNT,Secreted Signaling
WNT8B,FZD1_LRP5,WNT,Secreted Signaling
WNT8B,FZD10_LRP5,WNT,Secreted Signaling
WNT8B,FZD2_LRP5,WNT,Secreted Signaling
WNT8B,FZD3_LRP5,WNT,Secreted Signaling
WNT8B,FZD4_LRP5,WNT,Secreted Signaling
WNT8B,FZD5_LRP5,WNT,Secreted Signaling
WNT8B,FZD6_LRP5,WNT,Secreted Signaling
WNT8B,FZD7_LRP5,WNT,Secreted Signaling
WNT8B,FZD8_LRP5,WNT,Secreted Signaling
WNT8B,FZD9_LRP5,WNT,Secreted Signaling
WNT9A,FZD1_LRP5,WNT,Secreted Signaling
WNT9A,FZD10_LRP5,WNT,Secreted Signaling
WNT9A,FZD2_LRP5,WNT,Secreted Signaling
WNT9A,FZD3_LRP5,WNT,Secreted Signaling
WNT9A,FZD4_LRP5,WNT,Secreted Signaling
WNT9A,FZD5_LRP5,WNT,Secreted Signaling
WNT9A,FZD6_LRP5,WNT,Secreted Signaling
WNT9A,FZD7_LRP5,WNT,Secreted Signaling
WNT9A,FZD8_LRP5,WNT,Secreted Signaling
WNT9A,FZD9_LRP5,WNT,Secreted Signaling
WNT9B,FZD1_LRP5,WNT,Secreted Signaling
WNT9B,FZD10_LRP5,WNT,Secreted Signaling
WNT9B,FZD2_LRP5,WNT,Secreted Signaling
WNT9B,FZD3_LRP5,WNT,Secreted Signaling
WNT9B,FZD4_LRP5,WNT,Secreted Signaling
WNT9B,FZD5_LRP5,WNT,Secreted Signaling
WNT9B,FZD6_LRP5,WNT,Secreted Signaling
WNT9B,FZD7_LRP5,WNT,Secreted Signaling
WNT9B,FZD8_LRP5,WNT,Secreted Signaling
WNT9B,FZD9_LRP5,WNT,Secreted Signaling
WNT1,FZD1_LRP6,WNT,Secreted Signaling
WNT1,FZD10_LRP6,WNT,Secreted Signaling
WNT1,FZD2_LRP6,WNT,Secreted Signaling
WNT1,FZD3_LRP6,WNT,Secreted Signaling
WNT1,FZD4_LRP6,WNT,Secreted Signaling
WNT1,FZD5_LRP6,WNT,Secreted Signaling
WNT1,FZD6_LRP6,WNT,Secreted Signaling
WNT1,FZD7_LRP6,WNT,Secreted Signaling
WNT1,FZD8_LRP6,WNT,Secreted Signaling
WNT1,FZD9_LRP6,WNT,Secreted Signaling
WNT10A,FZD1_LRP6,WNT,Secreted Signaling
WNT10A,FZD10_LRP6,WNT,Secreted Signaling
WNT10A,FZD2_LRP6,WNT,Secreted Signaling
WNT10A,FZD3_LRP6,WNT,Secreted Signaling
WNT10A,FZD4_LRP6,WNT,Secreted Signaling
WNT10A,FZD5_LRP6,WNT,Secreted Signaling
WNT10A,FZD6_LRP6,WNT,Secreted Signaling
WNT10A,FZD7_LRP6,WNT,Secreted Signaling
WNT10A,FZD8_LRP6,WNT,Secreted Signaling
WNT10A,FZD9_LRP6,WNT,Secreted Signaling
WNT10B,FZD1_LRP6,WNT,Secreted Signaling
WNT10B,FZD10_LRP6,WNT,Secreted Signaling
WNT10B,FZD2_LRP6,WNT,Secreted Signaling
WNT10B,FZD3_LRP6,WNT,Secreted Signaling
WNT10B,FZD4_LRP6,WNT,Secreted Signaling
WNT10B,FZD5_LRP6,WNT,Secreted Signaling
WNT10B,FZD6_LRP6,WNT,Secreted Signaling
WNT10B,FZD7_LRP6,WNT,Secreted Signaling
WNT10B,FZD8_LRP6,WNT,Secreted Signaling
WNT10B,FZD9_LRP6,WNT,Secreted Signaling
WNT16,FZD1_LRP6,WNT,Secreted Signaling
WNT16,FZD10_LRP6,WNT,Secreted Signaling
WNT16,FZD2_LRP6,WNT,Secreted Signaling
WNT16,FZD3_LRP6,WNT,Secreted Signaling
WNT16,FZD4_LRP6,WNT,Secreted Signaling
WNT16,FZD5_LRP6,WNT,Secreted Signaling
WNT16,FZD6_LRP6,WNT,Secreted Signaling
WNT16,FZD7_LRP6,WNT,Secreted Signaling
WNT16,FZD8_LRP6,WNT,Secreted Signaling
WNT16,FZD9_LRP6,WNT,Secreted Signaling
WNT2,FZD1_LRP6,WNT,Secreted Signaling
WNT2,FZD10_LRP6,WNT,Secreted Signaling
WNT2,FZD2_LRP6,WNT,Secreted Signaling
WNT2,FZD3_LRP6,WNT,Secreted Signaling
WNT2,FZD4_LRP6,WNT,Secreted Signaling
WNT2,FZD5_LRP6,WNT,Secreted Signaling
WNT2,FZD6_LRP6,WNT,Secreted Signaling
WNT2,FZD7_LRP6,WNT,Secreted Signaling
WNT2,FZD8_LRP6,WNT,Secreted Signaling
WNT2,FZD9_LRP6,WNT,Secreted Signaling
WNT2B,FZD1_LRP6,WNT,Secreted Signaling
WNT2B,FZD10_LRP6,WNT,Secreted Signaling
WNT2B,FZD2_LRP6,WNT,Secreted Signaling
WNT2B,FZD3_LRP6,WNT,Secreted Signaling
WNT2B,FZD4_LRP6,WNT,Secreted Signaling
WNT2B,FZD5_LRP6,WNT,Secreted Signaling
WNT2B,FZD6_LRP6,WNT,Secreted Signaling
WNT2B,FZD7_LRP6,WNT,Secreted Signaling
WNT2B,FZD8_LRP6,WNT,Secreted Signaling
WNT2B,FZD9_LRP6,WNT,Secreted Signaling
WNT3,FZD1_LRP6,WNT,Secreted Signaling
WNT3,FZD10_LRP6,WNT,Secreted Signaling
WNT3,FZD2_LRP6,WNT,Secreted Signaling
WNT3,FZD3_LRP6,WNT,Secreted Signaling
WNT3,FZD4_LRP6,WNT,Secreted Signaling
WNT3,FZD5_LRP6,WNT,Secreted Signaling
WNT3,FZD6_LRP6,WNT,Secreted Signaling
WNT3,FZD7_LRP6,WNT,Secreted Signaling
WNT3,FZD8_LRP6,WNT,Secreted Signaling
WNT3,FZD9_LRP6,WNT,Secreted Signaling
WNT3A,FZD1_LRP6,WNT,Secreted Signaling
WNT3A,FZD10_LRP6,WNT,Secreted Signaling
WNT3A,FZD2_LRP6,WNT,Secreted Signaling
WNT3A,FZD3_LRP6,WNT,Secreted Signaling
WNT3A,FZD4_LRP6,WNT,Secreted Signaling
WNT3A,FZD5_LRP6,WNT,Secreted Signaling
WNT3A,FZD6_LRP6,WNT,Secreted Signaling
WNT3A,FZD7_LRP6,WNT,Secreted Signaling
WNT3A,FZD8_LRP6,WNT,Secreted Signaling
WNT3A,FZD9_LRP6,WNT,Secreted Signaling
WNT4,FZD1_LRP6,WNT,Secreted Signaling
WNT4,FZD10_LRP6,WNT,Secreted Signaling
WNT4,FZD2_LRP6,WNT,Secreted Signaling
WNT4,FZD3_LRP6,WNT,Secreted Signaling
WNT4,FZD4_LRP6,WNT,Secreted Signaling
WNT4,FZD5_LRP6,WNT,Secreted Signaling
WNT4,FZD6_LRP6,WNT,Secreted Signaling
WNT4,FZD7_LRP6,WNT,Secreted Signaling
WNT4,FZD8_LRP6,WNT,Secreted Signaling
WNT4,FZD9_LRP6,WNT,Secreted Signaling
WNT6,FZD1_LRP6,WNT,Secreted Signaling
WNT6,FZD10_LRP6,WNT,Secreted Signaling
WNT6,FZD2_LRP6,WNT,Secreted Signaling
WNT6,FZD3_LRP6,WNT,Secreted Signaling
WNT6,FZD4_LRP6,WNT,Secreted Signaling
WNT6,FZD5_LRP6,WNT,Secreted Signaling
WNT6,FZD6_LRP6,WNT,Secreted Signaling
WNT6,FZD7_LRP6,WNT,Secreted Signaling
WNT6,FZD8_LRP6,WNT,Secreted Signaling
WNT6,FZD9_LRP6,WNT,Secreted Signaling
WNT7A,FZD1_LRP6,WNT,Secreted Signaling
WNT7A,FZD10_LRP6,WNT,Secreted Signaling
WNT7A,FZD2_LRP6,WNT,Secreted Signaling
WNT7A,FZD3_LRP6,WNT,Secreted Signaling
WNT7A,FZD4_LRP6,WNT,Secreted Signaling
WNT7A,FZD5_LRP6,WNT,Secreted Signaling
WNT7A,FZD6_LRP6,WNT,Secreted Signaling
WNT7A,FZD7_LRP6,WNT,Secreted Signaling
WNT7A,FZD8_LRP6,WNT,Secreted Signaling
WNT7A,FZD9_LRP6,WNT,Secreted Signaling
WNT7B,FZD1_LRP6,WNT,Secreted Signaling
WNT7B,FZD10_LRP6,WNT,Secreted Signaling
WNT7B,FZD2_LRP6,WNT,Secreted Signaling
WNT7B,FZD3_LRP6,WNT,Secreted Signaling
WNT7B,FZD4_LRP6,WNT,Secreted Signaling
WNT7B,FZD5_LRP6,WNT,Secreted Signaling
WNT7B,FZD6_LRP6,WNT,Secreted Signaling
WNT7B,FZD7_LRP6,WNT,Secreted Signaling
WNT7B,FZD8_LRP6,WNT,Secreted Signaling
WNT7B,FZD9_LRP6,WNT,Secreted Signaling
WNT8A,FZD1_LRP6,WNT,Secreted Signaling
WNT8A,FZD10_LRP6,WNT,Secreted Signaling
WNT8A,FZD2_LRP6,WNT,Secreted Signaling
WNT8A,FZD3_LRP6,WNT,Secreted Signaling
WNT8A,FZD4_LRP6,WNT,Secreted Signaling
WNT8A,FZD5_LRP6,WNT,Secreted Signaling
WNT8A,FZD6_LRP6,WNT,Secreted Signaling
WNT8A,FZD7_LRP6,WNT,Secreted Signaling
WNT8A,FZD8_LRP6,WNT,Secreted Signaling
WNT8A,FZD9_LRP6,WNT,Secreted Signaling
WNT8B,FZD1_LRP6,WNT,Secreted Signaling
WNT8B,FZD10_LRP6,WNT,Secreted Signaling
WNT8B,FZD2_LRP6,WNT,Secreted Signaling
WNT8B,FZD3_LRP6,WNT,Secreted Signaling
WNT8B,FZD4_LRP6,WNT,Secreted Signaling
WNT8B,FZD5_LRP6,WNT,Secreted Signaling
WNT8B,FZD6_LRP6,WNT,Secreted Signaling
WNT8B,FZD7_LRP6,WNT,Secreted Signaling
WNT8B,FZD8_LRP6,WNT,Secreted Signaling
WNT8B,FZD9_LRP6,WNT,Secreted Signaling
WNT9A,FZD1_LRP6,WNT,Secreted Signaling
WNT9A,FZD10_LRP6,WNT,Secreted Signaling
WNT9A,FZD2_LRP6,WNT,Secreted Signaling
WNT9A,FZD3_LRP6,WNT,Secreted Signaling
WNT9A,FZD4_LRP6,WNT,Secreted Signaling
WNT9A,FZD5_LRP6,WNT,Secreted Signaling
WNT9A,FZD6_LRP6,WNT,Secreted Signaling
WNT9A,FZD7_LRP6,WNT,Secreted Signaling
WNT9A,FZD8_LRP6,WNT,Secreted Signaling
WNT9A,FZD9_LRP6,WNT,Secreted Signaling
WNT9B,FZD1_LRP6,WNT,Secreted Signaling
WNT9B,FZD10_LRP6,WNT,Secreted Signaling
WNT9B,FZD2_LRP6,WNT,Secreted Signaling
WNT9B,FZD3_LRP6,WNT,Secreted Signaling
WNT9B,FZD4_LRP6,WNT,Secreted Signaling
WNT9B,FZD5_LRP6,WNT,Secreted Signaling
WNT9B,FZD6_LRP6,WNT,Secreted Signaling
WNT9B,FZD7_LRP6,WNT,Secreted Signaling
WNT9B,FZD8_LRP6,WNT,Secreted Signaling
WNT9B,FZD9_LRP6,WNT,Secreted Signaling
WNT5A,FZD1,ncWNT,Secreted Signaling
WNT5A,FZD10,ncWNT,Secreted Signaling
WNT5A,FZD2,ncWNT,Secreted Signaling
WNT5A,FZD3,ncWNT,Secreted Signaling
WNT5A,FZD4,ncWNT,Secreted Signaling
WNT5A,FZD5,ncWNT,Secreted Signaling
WNT5A,FZD6,ncWNT,Secreted Signaling
WNT5A,FZD7,ncWNT,Secreted Signaling
WNT5A,FZD8,ncWNT,Secreted Signaling
WNT5A,FZD9,ncWNT,Secreted Signaling
WNT5A,MCAM,ncWNT,Secreted Signaling
WNT5B,FZD1,ncWNT,Secreted Signaling
WNT5B,FZD10,ncWNT,Secreted Signaling
WNT5B,FZD2,ncWNT,Secreted Signaling
WNT5B,FZD3,ncWNT,Secreted Signaling
WNT5B,FZD4,ncWNT,Secreted Signaling
WNT5B,FZD5,ncWNT,Secreted Signaling
WNT5B,FZD6,ncWNT,Secreted Signaling
WNT5B,FZD7,ncWNT,Secreted Signaling
WNT5B,FZD8,ncWNT,Secreted Signaling
WNT5B,FZD9,ncWNT,Secreted Signaling
WNT11,FZD1,ncWNT,Secreted Signaling
WNT11,FZD10,ncWNT,Secreted Signaling
WNT11,FZD2,ncWNT,Secreted Signaling
WNT11,FZD3,ncWNT,Secreted Signaling
WNT11,FZD4,ncWNT,Secreted Signaling
WNT11,FZD5,ncWNT,Secreted Signaling
WNT11,FZD6,ncWNT,Secreted Signaling
WNT11,FZD7,ncWNT,Secreted Signaling
WNT11,FZD8,ncWNT,Secreted Signaling
WNT11,FZD9,ncWNT,Secreted Signaling
EGF,EGFR,EGF,Secreted Signaling
EGF,EGFR_ERBB2,EGF,Secreted Signaling
TGFA,EGFR,EGF,Secreted Signaling
TGFA,EGFR_ERBB2,EGF,Secreted Signaling
AREG,EGFR,EGF,Secreted Signaling
AREG,EGFR_ERBB2,EGF,Secreted Signaling
BTC,EGFR,EGF,Secreted Signaling
BTC,EGFR_ERBB2,EGF,Secreted Signaling
BTC,ERBB4,EGF,Secreted Signaling
BTC,ERBB2_ERBB4,EGF,Secreted Signaling
HBEGF,EGFR,EGF,Secreted Signaling
HBEGF,EGFR_ERBB2,EGF,Secreted Signaling
HBEGF,ERBB4,EGF,Secreted Signaling
HBEGF,ERBB2_ERBB4,EGF,Secreted Signaling
EREG,EGFR,EGF,Secreted Signaling
EREG,EGFR_ERBB2,EGF,Secreted Signaling
EREG,ERBB4,EGF,Secreted Signaling
EREG,ERBB2_ERBB4,EGF,Secreted Signaling
NRG1,ERBB3,NRG,Secreted Signaling
NRG1,ERBB2_ERBB3,NRG,Secreted Signaling
NRG1,ERBB4,NRG,Secreted Signaling
NRG1,ERBB2_ERBB4,NRG,Secreted Signaling
NRG2,ERBB3,NRG,Secreted Signaling
NRG2,ERBB2_ERBB3,NRG,Secreted Signaling
NRG2,ERBB4,NRG,Secreted Signaling
NRG2,ERBB2_ERBB4,NRG,Secreted Signaling
NRG3,ERBB4,NRG,Secreted Signaling
NRG3,ERBB2_ERBB4,NRG,Secreted Signaling
NRG4,ERBB4,NRG,Secreted Signaling
NRG4,ERBB2_ERBB4,NRG,Secreted Signaling
NRG1,ITGAV_ITGB3,NRG,Secreted Signaling
FGF1,FGFR1,FGF,Secreted Signaling
FGF1,FGFR2,FGF,Secreted Signaling
FGF1,FGFR3,FGF,Secreted Signaling
FGF1,FGFR4,FGF,Secreted Signaling
FGF2,FGFR1,FGF,Secreted Signaling
FGF2,FGFR2,FGF,Secreted Signaling
FGF2,FGFR3,FGF,Secreted Signaling
FGF2,FGFR4,FGF,Secreted Signaling
FGF4,FGFR1,FGF,Secreted Signaling
FGF4,FGFR2,FGF,Secreted Signaling
FGF4,FGFR3,FGF,Secreted Signaling
FGF4,FGFR4,FGF,Secreted Signaling
FGF5,FGFR1,FGF,Secreted Signaling
FGF5,FGFR2,FGF,Secreted Signaling
FGF5,FGFR3,FGF,Secreted Signaling
FGF5,FGFR4,FGF,Secreted Signaling
FGF6,FGFR1,FGF,Secreted Signaling
FGF6,FGFR2,FGF,Secreted Signaling
FGF6,FGFR3,FGF,Secreted Signaling
FGF6,FGFR4,FGF,Secreted Signaling
FGF7,FGFR1,FGF,Secreted Signaling
FGF7,FGFR2,FGF,Secreted Signaling
FGF3,FGFR1,FGF,Secreted Signaling
FGF3,FGFR2,FGF,Secreted Signaling
FGF10,FGFR1,FGF,Secreted Signaling
FGF10,FGFR2,FGF,Secreted Signaling
FGF22,FGFR2,FGF,Secreted Signaling
FGF8,FGFR1,FGF,Secreted Signaling
FGF8,FGFR2,FGF,Secreted Signaling
FGF8,FGFR3,FGF,Secreted Signaling
FGF8,FGFR4,FGF,Secreted Signaling
FGF17,FGFR1,FGF,Secreted Signaling
FGF17,FGFR2,FGF,Secreted Signaling
FGF17,FGFR3,FGF,Secreted Signaling
FGF17,FGFR4,FGF,Secreted Signaling
FGF18,FGFR1,FGF,Secreted Signaling
FGF18,FGFR2,FGF,Secreted Signaling
FGF18,FGFR3,FGF,Secreted Signaling
FGF18,FGFR4,FGF,Secreted Signaling
FGF9,FGFR1,FGF,Secreted Signaling
FGF9,FGFR2,FGF,Secreted Signaling
FGF9,FGFR3,FGF,Secreted Signaling
FGF9,FGFR4,FGF,Secreted Signaling
FGF20,FGFR1,FGF,Secreted Signaling
FGF20,FGFR2,FGF,Secreted Signaling
FGF20,FGFR3,FGF,Secreted Signaling
FGF20,FGFR4,FGF,Secreted Signaling
FGF16,FGFR1,FGF,Secreted Signaling
FGF16,FGFR2,FGF,Secreted Signaling
FGF16,FGFR3,FGF,Secreted Signaling
FGF16,FGFR4,FGF,Secreted Signaling
FGF19,FGFR1,FGF,Secreted Signaling
FGF19,FGFR2,FGF,Secreted Signaling
FGF19,FGFR3,FGF,Secreted Signaling
FGF19,FGFR4,FGF,Secreted Signaling
FGF21,FGFR1,FGF,Secreted Signaling
FGF21,FGFR3,FGF,Secreted Signaling
FGF23,FGFR1,FGF,Secreted Signaling
FGF23,FGFR3,FGF,Secreted Signaling
FGF23,FGFR4,FGF,Secreted Signaling
PDGFA,PDGFRA,PDGF,Secreted Signaling
PDGFA,PDGFRB,PDGF,Secreted Signaling
PDGFB,PDGFRA,PDGF,Secreted Signaling
PDGFB,PDGFRB,PDGF,Secreted Signaling
PDGFC,PDGFRA,PDGF,Secreted Signaling
PDGFD,PDGFRB,PDGF,Secreted Signaling
VEGFA,FLT1,VEGF,Secreted Signaling
VEGFA,KDR,VEGF,Secreted Signaling
VEGFB,FLT1,VEGF,Secreted Signaling
VEGFC,FLT4,VEGF,Secreted Signaling
VEGFC,KDR,VEGF,Secreted Signaling
VEGFD,FLT4,VEGF,Secreted Signaling
VEGFD,KDR,VEGF,Secreted Signaling
PGF,FLT1,VEGF,Secreted Signaling
VEGFA,FLT1_KDR,VEGF,Secreted Signaling
VEGFC,FLT4_KDR,VEGF,Secreted Signaling
VEGFD,FLT4_KDR,VEGF,Secreted Signaling
IGF1,IGF1R,IGF,Secreted Signaling
IGF2,IGF1R,IGF,Secreted Signaling
IGF2,IGF2R,IGF,Secreted Signaling
IGF1,ITGAV_ITGB3,IGF,Secreted Signaling
IGF1,ITGA6_ITGB4,IGF,Secreted Signaling
IGF2,ITGAV_ITGB3,IGF,Secreted Signaling
IGF2,ITGA6_ITGB4,IGF,Secreted Signaling
IGFL3,IGFLR1,IGF,Secreted Signaling
INS,INSR,INSULIN,Secreted Signaling
APLN,APLNR,APELIN,Secreted Signaling
DHH,PTCH1_SMO,HH,Secreted Signaling
IHH,PTCH1_SMO,HH,Secreted Signaling
SHH,PTCH1_SMO,HH,Secreted Signaling
DHH,PTCH2_SMO,HH,Secreted Signaling
IHH,PTCH2_SMO,HH,Secreted Signaling
SHH,PTCH2_SMO,HH,Secreted Signaling
CCL5,CCR1,CCL,Secreted Signaling
CCL3,CCR1,CCL,Secreted Signaling
CCL3L1,CCR1,CCL,Secreted Signaling
CCL3L3,CCR1,CCL,Secreted Signaling
CCL8,CCR1,CCL,Secreted Signaling
CCL7,CCR1,CCL,Secreted Signaling
CCL13,CCR1,CCL,Secreted Signaling
CCL14,CCR1,CCL,Secreted Signaling
CCL15,CCR1,CCL,Secreted Signaling
CCL16,CCR1,CCL,Secreted Signaling
CCL23,CCR1,CCL,Secreted Signaling
CCL8,CCR2,CCL,Secreted Signaling
CCL7,CCR2,CCL,Secreted Signaling
CCL2,CCR2,CCL,Secreted Signaling
CCL27,CCR2,CCL,Secreted Signaling
CCL5,CCR3,CCL,Secreted Signaling
CCL7,CCR3,CCL,Secreted Signaling
CCL11,CCR3,CCL,Secreted Signaling
CCL24,CCR3,CCL,Secreted Signaling
CCL26,CCR3,CCL,Secreted Signaling
CCL28,CCR3,CCL,Secreted Signaling
CCL27,CCR3,CCL,Secreted Signaling
CCL17,CCR4,CCL,Secreted Signaling
CCL22,CCR4,CCL,Secreted Signaling
CCL5,CCR4,CCL,Secreted Signaling
CCL4,CCR5,CCL,Secreted Signaling
CCL5,CCR5,CCL,Secreted Signaling
CCL3,CCR5,CCL,Secreted Signaling
CCL20,CCR6,CCL,Secreted Signaling
CCL19,CCR7,CCL,Secreted Signaling
CCL21,CCR7,CCL,Secreted Signaling
CCL19,ACKR4,CCL,Secreted Signaling
CCL21,ACKR4,CCL,Secreted Signaling
CCL1,CCR8,CCL,Secreted Signaling
CCL25,CCR9,CCL,Secreted Signaling
CCL25,ACKR4,CCL,Secreted Signaling
CCL28,CCR10,CCL,Secreted Signaling
CCL27,CCR10,CCL,Secreted Signaling
CCL1,ACKR4,CCL,Secreted Signaling
CCL13,ACKR4,CCL,Secreted Signaling
CCL8,ACKR4,CCL,Secreted Signaling
CCL1,ACKR1,CCL,Secreted Signaling
CCL2,ACKR1,CCL,Secreted Signaling
CCL5,ACKR1,CCL,Secreted Signaling
CCL8,ACKR1,CCL,Secreted Signaling
CCL13,ACKR1,CCL,Secreted Signaling
CCL14,ACKR1,CCL,Secreted Signaling
CCL16,ACKR1,CCL,Secreted Signaling
CCL18,ACKR1,CCL,Secreted Signaling
CXCL1,ACKR1,CXCL,Secreted Signaling
CXCL2,ACKR1,CXCL,Secreted Signaling
CXCL3,ACKR1,CXCL,Secreted Signaling
CXCL5,ACKR1,CXCL,Secreted Signaling
CXCL6,ACKR1,CXCL,Secreted Signaling
CXCL8,ACKR1,CXCL,Secreted Signaling
CXCL9,ACKR1,CXCL,Secreted Signaling
CXCL10,ACKR1,CXCL,Secreted Signaling
CXCL11,ACKR1,CXCL,Secreted Signaling
CXCL13,ACKR1,CXCL,Secreted Signaling
CCL2,ACKR2,CCL,Secreted Signaling
CCL3,ACKR2,CCL,Secreted Signaling
CCL3L1,ACKR2,CCL,Secreted Signaling
CCL4,ACKR2,CCL,Secreted Signaling
CCL5,ACKR2,CCL,Secreted Signaling
CCL7,ACKR2,CCL,Secreted Signaling
CCL8,ACKR2,CCL,Secreted Signaling
CCL7,ACKR1,CCL,Secreted Signaling
CCL11,ACKR1,CCL,Secreted Signaling
CCL11,ACKR2,CCL,Secreted Signaling
CCL13,ACKR2,CCL,Secreted Signaling
CCL22,ACKR2,CCL,Secreted Signaling
CCL24,ACKR2,CCL,Secreted Signaling
CCL26,ACKR2,CCL,Secreted Signaling
CCL17,ACKR1,CCL,Secreted Signaling
CCL14,ACKR2,CCL,Secreted Signaling
CCL17,ACKR2,CCL,Secreted Signaling
CXCL1,CXCR1,CXCL,Secreted Signaling
CXCL2,CXCR1,CXCL,Secreted Signaling
CXCL3,CXCR1,CXCL,Secreted Signaling
CXCL5,CXCR1,CXCL,Secreted Signaling
CXCL6,CXCR1,CXCL,Secreted Signaling
CXCL8,CXCR1,CXCL,Secreted Signaling
CXCL1,CXCR2,CXCL,Secreted Signaling
CXCL2,CXCR2,CXCL,Secreted Signaling
CXCL3,CXCR2,CXCL,Secreted Signaling
CXCL5,CXCR2,CXCL,Secreted Signaling
CXCL6,CXCR2,CXCL,Secreted Signaling
CXCL8,CXCR2,CXCL,Secreted Signaling
PPBP,CXCR2,CXCL,Secreted Signaling
PF4V1,CXCR3,CXCL,Secreted Signaling
CXCL9,CXCR3,CXCL,Secreted Signaling
CXCL10,CXCR3,CXCL,Secreted Signaling
CXCL11,CXCR3,CXCL,Secreted Signaling
CXCL13,CXCR3,CXCL,Secreted Signaling
PF4,CXCR3,CXCL,Secreted Signaling
CXCL12,CXCR4,CXCL,Secreted Signaling
CXCL11,ACKR3,CXCL,Secreted Signaling
CXCL12,ACKR3,CXCL,Secreted Signaling
CXCL13,CXCR5,CXCL,Secreted Signaling
CXCL16,CXCR6,CXCL,Secreted Signaling
MIF,CD74_CXCR4,MIF,Secreted Signaling
MIF,CD74_CD44,MIF,Secreted Signaling
MIF,CD74_CXCR2,MIF,Secreted Signaling
MIF,ACKR3,MIF,Secreted Signaling
CX3CL1,CX3CR1,CX3C,Secreted Signaling
XCL1,XCR1,XCR,Secreted Signaling
XCL2,XCR1,XCR,Secreted Signaling
IL2,IL20RA_IL20RB_IL2RG,IL2,Secreted Signaling
IL2,IL2RB_IL2RG,IL2,Secreted Signaling
IL4,IL4R_IL2RG,IL2,Secreted Signaling
IL7,IL7R_IL2RG,IL2,Secreted Signaling
IL9,IL9R_IL2RG,IL2,Secreted Signaling
IL15,IL15RA_IL2RB_IL2RG,IL2,Secreted Signaling
IL21,IL21R_IL2RG,IL2,Secreted Signaling
TSLP,IL7R_CRLF2,IL2,Secreted Signaling
IL3,IL3RA_CSF2RB,IL4,Secreted Signaling
IL5,IL5RA_CSF2RB,IL4,Secreted Signaling
CSF2,CSF2RA_CSF2RB,IL4,Secreted Signaling
IL4,IL4R,IL4,Secreted Signaling
IL4,IL4R_IL13RA1,IL4,Secreted Signaling
IL4,IL4R_IL13RA2,IL4,Secreted Signaling
IL13,IL4R_IL13RA1,IL4,Secreted Signaling
IL13,IL4R_IL13RA2,IL4,Secreted Signaling
IL13,IL13RA1,IL4,Secreted Signaling
IL13,IL13RA2,IL4,Secreted Signaling
IL6,IL6R_IL6ST,IL6,Secreted Signaling
IL11,IL11RA_IL6ST,IL6,Secreted Signaling
IL12A_IL12B,IL12RB1_IL12RB2,IL12,Secreted Signaling
IL12B_IL23A,IL23R_IL12RB1,IL12,Secreted Signaling
IL27_EBI3,IL27RA_IL6ST,IL12,Secreted Signaling
IL31,IL31RA_OSMR,IL6,Secreted Signaling
CNTF,CNTFR_LIFR_IL6ST,LIFR,Secreted Signaling
CLCF1,CNTFR_LIFR_IL6ST,LIFR,Secreted Signaling
CTF1,LIFR_IL6ST,LIFR,Secreted Signaling
LIF,LIFR_IL6ST,LIFR,Secreted Signaling
OSM,LIFR_IL6ST,OSM,Secreted Signaling
OSM,OSMR_IL6ST,OSM,Secreted Signaling
IL10,IL10RA_IL10RB,IL10,Secreted Signaling
IL19,IL20RA_IL20RB,IL10,Secreted Signaling
IL20,IL20RA_IL20RB,IL10,Secreted Signaling
IL24,IL20RA_IL20RB,IL10,Secreted Signaling
IL20,IL22RA1_IL20RB,IL10,Secreted Signaling
IL24,IL22RA1_IL20RB,IL10,Secreted Signaling
IL22,IL22RA1_IL10RB,IL10,Secreted Signaling
IL26,IL20RA_IL10RB,IL10,Secreted Signaling
IL1A,IL1R1_IL1RAP,IL1,Secreted Signaling
IL1B,IL1R1_IL1RAP,IL1,Secreted Signaling
IL1A,IL1R2,IL1,Secreted Signaling
IL1B,IL1R2,IL1,Secreted Signaling
IL36RN,IL1RL2_IL1RAP,IL1,Secreted Signaling
IL36A,IL1RL2_IL1RAP,IL1,Secreted Signaling
IL36B,IL1RL2_IL1RAP,IL1,Secreted Signaling
IL36G,IL1RL2_IL1RAP,IL1,Secreted Signaling
IL1F10,IL1RL2_IL1RAP,IL1,Secreted Signaling
IL37,IL18R1_IL18RAP,IL1,Secreted Signaling
IL18,IL18R1_IL18RAP,IL1,Secreted Signaling
IL33,IL1RL1_IL1RAP,IL1,Secreted Signaling
IL17A,IL17RA_IL17RC,IL17,Secreted Signaling
IL17F,IL17RA_IL17RC,IL17,Secreted Signaling
IL17A_IL17F,IL17RA_IL17RC,IL17,Secreted Signaling
IL17B,IL17RB,IL17,Secreted Signaling
IL17C,IL17RA_IL17RE,IL17,Secreted Signaling
IL25,IL17RA_IL17RB,IL17,Secreted Signaling
IL34,CSF1R,CSF,Secreted Signaling
CSF1,CSF1R,CSF,Secreted Signaling
IL16,CD4,IL16,Secreted Signaling
EPO,EPOR,EPO,Secreted Signaling
GH1,GHR,GH,Secreted Signaling
PRL,PRLR,PRL,Secreted Signaling
THPO,MPL,THPO,Secreted Signaling
CSF3,CSF3R,CSF3,Secreted Signaling
IFNB1,IFNAR1_IFNAR2,IFN-I,Secreted Signaling
IFNW1,IFNAR1_IFNAR2,IFN-I,Secreted Signaling
IFNK,IFNAR1_IFNAR2,IFN-I,Secreted Signaling
IFNE,IFNAR1_IFNAR2,IFN-I,Secreted Signaling
IFNA1,IFNAR1_IFNAR2,IFN-I,Secreted Signaling
IFNA2,IFNAR1_IFNAR2,IFN-I,Secreted Signaling
IFNA4,IFNAR1_IFNAR2,IFN-I,Secreted Signaling
IFNA5,IFNAR1_IFNAR2,IFN-I,Secreted Signaling
IFNA6,IFNAR1_IFNAR2,IFN-I,Secreted Signaling
IFNA7,IFNAR1_IFNAR2,IFN-I,Secreted Signaling
IFNA8,IFNAR1_IFNAR2,IFN-I,Secreted Signaling
IFNA10,IFNAR1_IFNAR2,IFN-I,Secreted Signaling
IFNA13,IFNAR1_IFNAR2,IFN-I,Secreted Signaling
IFNA14,IFNAR1_IFNAR2,IFN-I,Secreted Signaling
IFNA16,IFNAR1_IFNAR2,IFN-I,Secreted Signaling
IFNA17,IFNAR1_IFNAR2,IFN-I,Secreted Signaling
IFNA21,IFNAR1_IFNAR2,IFN-I,Secreted Signaling
IFNG,IFNGR1_IFNGR2,IFN-II,Secreted Signaling
TNF,TNFRSF1A,TNF,Secreted Signaling
TNF,TNFRSF1B,TNF,Secreted Signaling
LTA,TNFRSF1A,LT,Secreted Signaling
LTA,TNFRSF1B,LT,Secreted Signaling
LTA,TNFRSF14,LT,Secreted Signaling
LTA_LTB,LTBR,LT,Secreted Signaling
TNFSF14,LTBR,LIGHT,Secreted Signaling
TNFSF14,TNFRSF14,LIGHT,Secreted Signaling
FASLG,FAS,FASLG,Secreted Signaling
TNFSF15,TNFRSF25,VEGI,Secreted Signaling
TNFSF10,TNFRSF10A,TRAIL,Secreted Signaling
EDA,EDAR,EDA,Secreted Signaling
EDA,EDA2R,EDA,Secreted Signaling
NGF,NGFR,NGF,Secreted Signaling
KLK3,NGFR,NGF,Secreted Signaling
TNFSF11,TNFRSF11A,RANKL,Secreted Signaling
TNFSF11,TNFRSF11B,RANKL,Secreted Signaling
TNFSF12,TNFRSF12A,TWEAK,Secreted Signaling
CD70,CD27,CD70,Secreted Signaling
TNFSF8,TNFRSF8,CD30,Secreted Signaling
TNFSF9,TNFRSF9,CD137,Secreted Signaling
TNFSF4,TNFRSF4,OX40,Secreted Signaling
TNFSF18,TNFRSF18,GITRL,Secreted Signaling
TNFSF13,TNFRSF17,APRIL,Secreted Signaling
TNFSF13,TNFRSF13B,APRIL,Secreted Signaling
TNFSF13B,TNFRSF17,BAFF,Secreted Signaling
TNFSF13B,TNFRSF13B,BAFF,Secreted Signaling
TNFSF13B,TNFRSF13C,BAFF,Secreted Signaling
CD40LG,ITGA2B_ITGB3,CD40,Secreted Signaling
CD40LG,ITGA5_ITGB1,CD40,Secreted Signaling
CD40LG,ITGAM_ITGB2,CD40,Secreted Signaling
SPP1,CD44,SPP1,Secreted Signaling
SPP1,ITGAV_ITGB3,SPP1,Secreted Signaling
SPP1,ITGAV_ITGB1,SPP1,Secreted Signaling
SPP1,ITGAV_ITGB5,SPP1,Secreted Signaling
SPP1,ITGAV_ITGB6,SPP1,Secreted Signaling
SPP1,ITGA4_ITGB1,SPP1,Secreted Signaling
SPP1,ITGA9_ITGB1,SPP1,Secreted Signaling
SPP1,ITGA8_ITGB1,SPP1,Secreted Signaling
SPP1,ITGA5_ITGB1,SPP1,Secreted Signaling
ADIPOQ,ADIPOR1,ADIPONECTIN,Secreted Signaling
ADIPOQ,ADIPOR2,ADIPONECTIN,Secreted Signaling
RETN,TLR4,RESISTIN,Secreted Signaling
RETN,CAP1,RESISTIN,Secreted Signaling
NAMPT,INSR,VISFATIN,Secreted Signaling
NAMPT,ITGA5_ITGB1,VISFATIN,Secreted Signaling
ANGPTL1,ITGA1_ITGB1,ANGPTL,Secreted Signaling
ANGPTL2,ITGA5_ITGB1,ANGPTL,Secreted Signaling
ANGPTL2,TLR4,ANGPTL,Secreted Signaling
ANGPTL2,LILRB3,ANGPTL,Secreted Signaling
ANGPTL1,LILRB3,ANGPTL,Secreted Signaling
ANGPTL7,LILRB3,ANGPTL,Secreted Signaling
ANGPTL4,ITGA5_ITGB1,ANGPTL,Secreted Signaling
ANGPTL4,ITGAV_ITGB3,ANGPTL,Secreted Signaling
ANGPTL4,CDH5,ANGPTL,Secreted Signaling
ANGPTL4,CDH11,ANGPTL,Secreted Signaling
ANGPTL4,SDC1,ANGPTL,Secreted Signaling
ANGPTL4,SDC2,ANGPTL,Secreted Signaling
ANGPTL4,SDC3,ANGPTL,Secreted Signaling
ANGPTL4,SDC4,ANGPTL,Secreted Signaling
ANGPTL3,ITGAV_ITGB3,ANGPTL,Secreted Signaling
ANGPT1,TEK,ANGPT,Secreted Signaling
ANGPT2,TEK,ANGPT,Secreted Signaling
ANGPT2,ITGA5_ITGB1,ANGPT,Secreted Signaling
MDK,SDC1,MK,Secreted Signaling
MDK,SDC2,MK,Secreted Signaling
MDK,SDC4,MK,Secreted Signaling
MDK,PTPRZ1,MK,Secreted Signaling
MDK,ITGA4_ITGB1,MK,Secreted Signaling
MDK,ITGA6_ITGB1,MK,Secreted Signaling
MDK,LRP1,MK,Secreted Signaling
MDK,NCL,MK,Secreted Signaling
MDK,ALK,MK,Secreted Signaling
PTN,PTPRZ1,PTN,Secreted Signaling
PTN,SDC1,PTN,Secreted Signaling
PTN,SDC2,PTN,Secreted Signaling
PTN,SDC3,PTN,Secreted Signaling
PTN,SDC4,PTN,Secreted Signaling
PTN,ITGAV_ITGB3,PTN,Secreted Signaling
PTN,NCL,PTN,Secreted Signaling
PTN,ALK,PTN,Secreted Signaling
POSTN,ITGAV_ITGB3,PERIOSTIN,Secreted Signaling
POSTN,ITGAV_ITGB5,PERIOSTIN,Secreted Signaling
AGT,AGTR1,AGT,Secreted Signaling
GRP,GRPR,GPR,Secreted Signaling
NMB,NMBR,GPR,Secreted Signaling
KNG1,BDKRB1,BRADYKININ,Secreted Signaling
KNG1,BDKRB2,BRADYKININ,Secreted Signaling
C3,C3AR1,COMPLEMENT,Secreted Signaling
C3,CR2,COMPLEMENT,Secreted Signaling
C3,ITGAM_ITGB2,COMPLEMENT,Secreted Signaling
C3,ITGAX_ITGB2,COMPLEMENT,Secreted Signaling
C4A,C3AR1,COMPLEMENT,Secreted Signaling
C4A,CR2,COMPLEMENT,Secreted Signaling
C5,C5AR1,COMPLEMENT,Secreted Signaling
CCK,CCKAR,CCK,Secreted Signaling
CCK,CCKBR,CCK,Secreted Signaling
EDN1,EDNRA,EDN,Secreted Signaling
EDN2,EDNRA,EDN,Secreted Signaling
EDN3,EDNRA,EDN,Secreted Signaling
EDN1,EDNRB,EDN,Secreted Signaling
EDN2,EDNRB,EDN,Secreted Signaling
EDN3,EDNRB,EDN,Secreted Signaling
GAL,GALR1,GALANIN,Secreted Signaling
GAL,GALR2,GALANIN,Secreted Signaling
GAL,GALR3,GALANIN,Secreted Signaling
GALP,GALR1,GALANIN,Secreted Signaling
GALP,GALR2,GALANIN,Secreted Signaling
GHRL,GHSR,GHRELIN,Secreted Signaling
KISS1,KISS1R,KISS1,Secreted Signaling
POMC,MC1R,MELANOCORTIN,Secreted Signaling
POMC,MC2R,MELANOCORTIN,Secreted Signaling
POMC,MC3R,MELANOCORTIN,Secreted Signaling
POMC,MC4R,MELANOCORTIN,Secreted Signaling
POMC,MC5R,MELANOCORTIN,Secreted Signaling
NMU,NMUR1,NMU,Secreted Signaling
NMU,NMUR2,NMU,Secreted Signaling
NMS,NMUR1,NMU,Secreted Signaling
NMS,NMUR2,NMU,Secreted Signaling
NPFF,NPFFR1,NPFF,Secreted Signaling
NPFF,NPFFR2,NPFF,Secreted Signaling
NPY,NPY1R,NPY,Secreted Signaling
NPY,NPY2R,NPY,Secreted Signaling
NPY,NPY4R,NPY,Secreted Signaling
NPY,NPY5R,NPY,Secreted Signaling
NPY,NPY6R,NPY,Secreted Signaling
NPY,GPR83,NPY,Secreted Signaling
PPY,NPY1R,NPY,Secreted Signaling
PPY,NPY2R,NPY,Secreted Signaling
PPY,NPY4R,NPY,Secreted Signaling
PPY,NPY5R,NPY,Secreted Signaling
PPY,NPY6R,NPY,Secreted Signaling
PPY,GPR83,NPY,Secreted Signaling
PYY,NPY1R,NPY,Secreted Signaling
PYY,NPY2R,NPY,Secreted Signaling
PYY,NPY4R,NPY,Secreted Signaling
PYY,NPY5R,NPY,Secreted Signaling
PYY,NPY6R,NPY,Secreted Signaling
PYY,GPR83,NPY,Secreted Signaling
NPB,NPBWR1,NPW-B,Secreted Signaling
NPW,NPBWR1,NPW-B,Secreted Signaling
NTS,NTSR1,NTS,Secreted Signaling
NTS,NTSR2,NTS,Secreted Signaling
PDYN,OPRD1,OPIOID,Secreted Signaling
PDYN,OPRK1,OPIOID,Secreted Signaling
PDYN,OPRL1,OPIOID,Secreted Signaling
PDYN,OPRM1,OPIOID,Secreted Signaling
PENK,OPRD1,OPIOID,Secreted Signaling
PENK,OPRK1,OPIOID,Secreted Signaling
PENK,OPRL1,OPIOID,Secreted Signaling
PENK,OPRM1,OPIOID,Secreted Signaling
POMC,OPRD1,OPIOID,Secreted Signaling
POMC,OPRK1,OPIOID,Secreted Signaling
POMC,OPRL1,OPIOID,Secreted Signaling
POMC,OPRM1,OPIOID,Secreted Signaling
HCRT,HCRTR1,HCRT,Secreted Signaling
HCRT,HCRTR2,HCRT,Secreted Signaling
OXT,OXTR,OXT,Secreted Signaling
SST,SSTR1,SEMATOSTATIN,Secreted Signaling
SST,SSTR2,SEMATOSTATIN,Secreted Signaling
SST,SSTR3,SEMATOSTATIN,Secreted Signaling
SST,SSTR4,SEMATOSTATIN,Secreted Signaling
SST,SSTR5,SEMATOSTATIN,Secreted Signaling
CORT,SSTR1,SEMATOSTATIN,Secreted Signaling
CORT,SSTR2,SEMATOSTATIN,Secreted Signaling
CORT,SSTR3,SEMATOSTATIN,Secreted Signaling
CORT,SSTR4,SEMATOSTATIN,Secreted Signaling
CORT,SSTR5,SEMATOSTATIN,Secreted Signaling
TAC1,TACR1,TAC,Secreted Signaling
TAC4,TACR1,TAC,Secreted Signaling
TAC1,TACR2,TAC,Secreted Signaling
TAC3,TACR3,TAC,Secreted Signaling
UTS2,UTS2R,UTS2,Secreted Signaling
AVP,AVPR2,AVP,Secreted Signaling
AVP,AVPR1A,AVP,Secreted Signaling
AVP,AVPR1B,AVP,Secreted Signaling
PRLH,PRLHR,PRLH,Secreted Signaling
PRSS3,F2R,PARs,Secreted Signaling
CTSG,F2R,PARs,Secreted Signaling
F2,F2R,PARs,Secreted Signaling
PLG,F2R,PARs,Secreted Signaling
GZMA,F2R,PARs,Secreted Signaling
PRSS2,F2R,PARs,Secreted Signaling
PRSS1,F2R,PARs,Secreted Signaling
PRSS3,F2RL1,PARs,Secreted Signaling
CTSG,F2RL1,PARs,Secreted Signaling
F2,F2RL1,PARs,Secreted Signaling
PLG,F2RL1,PARs,Secreted Signaling
GZMA,F2RL1,PARs,Secreted Signaling
PRSS2,F2RL1,PARs,Secreted Signaling
PRSS1,F2RL1,PARs,Secreted Signaling
PRSS3,F2RL2,PARs,Secreted Signaling
CTSG,F2RL2,PARs,Secreted Signaling
F2,F2RL2,PARs,Secreted Signaling
PLG,F2RL2,PARs,Secreted Signaling
GZMA,F2RL2,PARs,Secreted Signaling
PRSS2,F2RL2,PARs,Secreted Signaling
PRSS1,F2RL2,PARs,Secreted Signaling
PRSS3,F2RL3,PARs,Secreted Signaling
CTSG,F2RL3,PARs,Secreted Signaling
F2,F2RL3,PARs,Secreted Signaling
GZMA,F2RL3,PARs,Secreted Signaling
PLG,F2RL3,PARs,Secreted Signaling
PRSS2,F2RL3,PARs,Secreted Signaling
PRSS1,F2RL3,PARs,Secreted Signaling
PRSS3,PARD3,PARs,Secreted Signaling
CTSG,PARD3,PARs,Secreted Signaling
F2,PARD3,PARs,Secreted Signaling
GZMA,PARD3,PARs,Secreted Signaling
PLG,PARD3,PARs,Secreted Signaling
PRSS2,PARD3,PARs,Secreted Signaling
PRSS1,PARD3,PARs,Secreted Signaling
PMCH,MCHR1,PMCH,Secreted Signaling
PROK1,PROKR2,PROK,Secreted Signaling
PROK1,PROKR1,PROK,Secreted Signaling
PROK2,PROKR1,PROK,Secreted Signaling
PROK2,PROKR2,PROK,Secreted Signaling
ADCYAP1,ADCYAP1R1,PACAP,Secreted Signaling
VIP,VIPR1,VIP,Secreted Signaling
VIP,VIPR2,VIP,Secreted Signaling
NPPA,NPR1,NPR1,Secreted Signaling
NPPB,NPR1,NPR1,Secreted Signaling
NPPC,NPR2,NPR2,Secreted Signaling
KITLG,KIT,KIT,Secreted Signaling
GCG,GIPR,GIPR,Secreted Signaling
GIP,GIPR,GIPR,Secreted Signaling
FSHB,FSHR,FSH,Secreted Signaling
CGA,FSHR,FSH,Secreted Signaling
LHB,LHCGR,LHB,Secreted Signaling
CGA,LHCGR,LHB,Secreted Signaling
TSHB,TSHR,TSH,Secreted Signaling
CGA,TSHR,TSH,Secreted Signaling
BDNF,NTRK2,NT,Secreted Signaling
NGF,NTRK1,NT,Secreted Signaling
FLT3LG,FLT3,FLT3,Secreted Signaling
HGF,MET,HGF,Secreted Signaling
KLK3,NTRK1,NT,Secreted Signaling
NTF3,NTRK1,NT,Secreted Signaling
NTF3,NTRK2,NT,Secreted Signaling
NTF3,NTRK3,NT,Secreted Signaling
NTF4,NTRK2,NT,Secreted Signaling
SEMA3A,NRP1_PLXNA1,SEMA3,Secreted Signaling
SEMA3A,NRP1_PLXNA2,SEMA3,Secreted Signaling
SEMA3A,NRP1_PLXNA3,SEMA3,Secreted Signaling
SEMA3A,NRP1_PLXNA4,SEMA3,Secreted Signaling
SEMA3B,NRP1_PLXNA1,SEMA3,Secreted Signaling
SEMA3B,NRP1_PLXNA2,SEMA3,Secreted Signaling
SEMA3B,NRP1_PLXNA3,SEMA3,Secreted Signaling
SEMA3B,NRP1_PLXNA4,SEMA3,Secreted Signaling
SEMA3C,NRP1_PLXNA1,SEMA3,Secreted Signaling
SEMA3C,NRP1_PLXNA2,SEMA3,Secreted Signaling
SEMA3C,NRP1_PLXNA3,SEMA3,Secreted Signaling
SEMA3C,NRP1_PLXNA4,SEMA3,Secreted Signaling
SEMA3D,NRP1_PLXNA1,SEMA3,Secreted Signaling
SEMA3D,NRP1_PLXNA2,SEMA3,Secreted Signaling
SEMA3D,NRP1_PLXNA3,SEMA3,Secreted Signaling
SEMA3D,NRP1_PLXNA4,SEMA3,Secreted Signaling
SEMA3B,NRP2_PLXNA1,SEMA3,Secreted Signaling
SEMA3B,NRP2_PLXNA2,SEMA3,Secreted Signaling
SEMA3B,NRP2_PLXNA3,SEMA3,Secreted Signaling
SEMA3B,NRP2_PLXNA4,SEMA3,Secreted Signaling
SEMA3C,NRP2_PLXNA1,SEMA3,Secreted Signaling
SEMA3C,NRP2_PLXNA2,SEMA3,Secreted Signaling
SEMA3C,NRP2_PLXNA3,SEMA3,Secreted Signaling
SEMA3C,NRP2_PLXNA4,SEMA3,Secreted Signaling
SEMA3D,NRP2_PLXNA1,SEMA3,Secreted Signaling
SEMA3D,NRP2_PLXNA2,SEMA3,Secreted Signaling
SEMA3D,NRP2_PLXNA3,SEMA3,Secreted Signaling
SEMA3D,NRP2_PLXNA4,SEMA3,Secreted Signaling
SEMA3F,NRP2_PLXNA1,SEMA3,Secreted Signaling
SEMA3F,NRP2_PLXNA2,SEMA3,Secreted Signaling
SEMA3F,NRP2_PLXNA3,SEMA3,Secreted Signaling
SEMA3F,NRP2_PLXNA4,SEMA3,Secreted Signaling
SEMA3G,NRP2_PLXNA1,SEMA3,Secreted Signaling
SEMA3G,NRP2_PLXNA2,SEMA3,Secreted Signaling
SEMA3G,NRP2_PLXNA3,SEMA3,Secreted Signaling
SEMA3G,NRP2_PLXNA4,SEMA3,Secreted Signaling
SEMA3C,NRP1_NRP2_PLXND1,SEMA3,Secreted Signaling
SEMA3C,PLXND1,SEMA3,Secreted Signaling
SEMA3E,PLXND1,SEMA3,Secreted Signaling
ADM,CALCR,CALCR,Secreted Signaling
ADM,CALCRL,CALCR,Secreted Signaling
AGT,MAS1,AGT,Secreted Signaling
ANXA1,FPR2,ANNEXIN,Secreted Signaling
ANXA1,FPR1,ANNEXIN,Secreted Signaling
APELA,APLNR,APJ,Secreted Signaling
CALCA,CALCR,CALCR,Secreted Signaling
CALCA,CALCRL,CALCR,Secreted Signaling
CALCB,CALCR,CALCR,Secreted Signaling
CALCB,CALCRL,CALCR,Secreted Signaling
CRH,CRHR1,CRH,Secreted Signaling
CRH,CRHR2,CRH,Secreted Signaling
ENHO,GPR19,ENHO,Secreted Signaling
GAS6,AXL,GAS,Secreted Signaling
GAS6,MERTK,GAS,Secreted Signaling
GAS6,TYRO3,GAS,Secreted Signaling
GCG,GCGR,GCG,Secreted Signaling
GCG,GLP1R,GCG,Secreted Signaling
GCG,GLP2R,GCG,Secreted Signaling
GH1,GHR,GH,Secreted Signaling
GH1,PRLR,GH,Secreted Signaling
GHRH,VIPR1,GHRH,Secreted Signaling
GHRH,VIPR2,GHRH,Secreted Signaling
GHRH,GHSR,GHRH,Secreted Signaling
GHRH,GHRHR,GHRH,Secreted Signaling
GNRH1,GNRHR,GNRH,Secreted Signaling
GRN,SORT1,GRN,Secreted Signaling
GUCA2A,GUCY2C,GUCA,Secreted Signaling
GUCA2B,GUCY2C,GUCA,Secreted Signaling
IAPP,CALCR,CALCR,Secreted Signaling
IAPP,CALCRL,CALCR,Secreted Signaling
INSL3,RXFP2,RLN,Secreted Signaling
INSL3,RXFP1,RLN,Secreted Signaling
INSL3,RXFP4,RLN,Secreted Signaling
INSL3,RXFP3,RLN,Secreted Signaling
INSL5,RXFP4,RLN,Secreted Signaling
INSL5,RXFP3,RLN,Secreted Signaling
INSL5,RXFP2,RLN,Secreted Signaling
INSL5,RXFP1,RLN,Secreted Signaling
LEP,LEPR,LEP,Secreted Signaling
LGALS9,PTPRC,GALECTIN,Secreted Signaling
NPS,NPSR1,NPS,Secreted Signaling
NPVF,NPFFR1,NPVF,Secreted Signaling
NPVF,NPFFR2,NPVF,Secreted Signaling
OSTN,NPR3,OSTN,Secreted Signaling
PMCH,MERTK,PMCH,Secreted Signaling
PROS1,AXL,PROS,Secreted Signaling
PROS1,TYRO3,PROS,Secreted Signaling
PSAP,GPR37L1,PSAP,Secreted Signaling
PSAP,GPR37,PSAP,Secreted Signaling
PTH,PTH1R,PTH,Secreted Signaling
PTH,PTH2R,PTH,Secreted Signaling
PTH2,PTH1R,PTH,Secreted Signaling
PTH2,PTH2R,PTH,Secreted Signaling
PTHLH,PTH1R,PTH,Secreted Signaling
QRFP,QRFPR,QRFP,Secreted Signaling
RARRES2,GPR1,CHEMERIN,Secreted Signaling
RARRES2,CMKLR1,CHEMERIN,Secreted Signaling
RLN1,RXFP2,RLN,Secreted Signaling
RLN1,RXFP1,RLN,Secreted Signaling
RLN1,RXFP3,RLN,Secreted Signaling
RLN1,RXFP4,RLN,Secreted Signaling
RLN3,RXFP3,RLN,Secreted Signaling
RLN3,RXFP1,RLN,Secreted Signaling
RLN3,RXFP4,RLN,Secreted Signaling
RLN3,RXFP2,RLN,Secreted Signaling
SAA1,FPR2,SAA,Secreted Signaling
SCGB3A2,MARCO,UGRP1,Secreted Signaling
SCT,SCTR,SCT,Secreted Signaling
SLURP1,CHRNB1,SLURP,Secreted Signaling
SLURP1,CHRNB2,SLURP,Secreted Signaling
SLURP1,CHRNB3,SLURP,Secreted Signaling
SLURP1,CHRNB4,SLURP,Secreted Signaling
SLURP1,CHRNA1,SLURP,Secreted Signaling
SLURP1,CHRNA2,SLURP,Secreted Signaling
SLURP1,CHRNA3,SLURP,Secreted Signaling
SLURP1,CHRNA4,SLURP,Secreted Signaling
SLURP1,CHRNA5,SLURP,Secreted Signaling
SLURP1,CHRNA6,SLURP,Secreted Signaling
SLURP1,CHRNA9,SLURP,Secreted Signaling
SLURP1,CHRNA10,SLURP,Secreted Signaling
SLURP1,CHRND,SLURP,Secreted Signaling
SLURP1,CHRNE,SLURP,Secreted Signaling
SLURP1,CHRNG,SLURP,Secreted Signaling
SLURP1,CHRNA7,SLURP,Secreted Signaling
SLURP2,CHRNB1,SLURP,Secreted Signaling
SLURP2,CHRNB2,SLURP,Secreted Signaling
SLURP2,CHRNB3,SLURP,Secreted Signaling
SLURP2,CHRNB4,SLURP,Secreted Signaling
SLURP2,CHRNA1,SLURP,Secreted Signaling
SLURP2,CHRNA2,SLURP,Secreted Signaling
SLURP2,CHRNA3,SLURP,Secreted Signaling
SLURP2,CHRNA4,SLURP,Secreted Signaling
SLURP2,CHRNA5,SLURP,Secreted Signaling
SLURP2,CHRNA6,SLURP,Secreted Signaling
SLURP2,CHRNA7,SLURP,Secreted Signaling
SLURP2,CHRNA9,SLURP,Secreted Signaling
SLURP2,CHRNA10,SLURP,Secreted Signaling
SLURP2,CHRND,SLURP,Secreted Signaling
SLURP2,CHRNE,SLURP,Secreted Signaling
SLURP2,CHRNG,SLURP,Secreted Signaling
BTLA,TNFRSF14,BTLA,Secreted Signaling
TRH,TRHR,TRH,Secreted Signaling
UCN,CRHR1,UCN,Secreted Signaling
UCN,CRHR2,UCN,Secreted Signaling
UCN2,CRHR1,UCN,Secreted Signaling
UCN2,CRHR2,UCN,Secreted Signaling
UCN3,CRHR1,UCN,Secreted Signaling
UCN3,CRHR2,UCN,Secreted Signaling
UTS2B,UTS2R,UROTENSIN,Secreted Signaling
UTS2B,SSTR5,UROTENSIN,Secreted Signaling
BAG6,NCR3,BAG,Secreted Signaling
LGALS9,HAVCR2,GALECTIN,Secreted Signaling
LGALS9,CD44,GALECTIN,Secreted Signaling
COL1A1,ITGA1_ITGB1,COLLAGEN,ECM-Receptor
COL1A2,ITGA1_ITGB1,COLLAGEN,ECM-Receptor
COL2A1,ITGA1_ITGB1,COLLAGEN,ECM-Receptor
COL4A1,ITGA1_ITGB1,COLLAGEN,ECM-Receptor
COL4A2,ITGA1_ITGB1,COLLAGEN,ECM-Receptor
COL4A3,ITGA1_ITGB1,COLLAGEN,ECM-Receptor
COL4A4,ITGA1_ITGB1,COLLAGEN,ECM-Receptor
COL4A5,ITGA1_ITGB1,COLLAGEN,ECM-Receptor
COL4A6,ITGA1_ITGB1,COLLAGEN,ECM-Receptor
COL6A1,ITGA1_ITGB1,COLLAGEN,ECM-Receptor
COL6A2,ITGA1_ITGB1,COLLAGEN,ECM-Receptor
COL6A3,ITGA1_ITGB1,COLLAGEN,ECM-Receptor
COL6A5,ITGA1_ITGB1,COLLAGEN,ECM-Receptor
COL6A6,ITGA1_ITGB1,COLLAGEN,ECM-Receptor
COL9A1,ITGA1_ITGB1,COLLAGEN,ECM-Receptor
COL9A2,ITGA1_ITGB1,COLLAGEN,ECM-Receptor
COL9A3,ITGA1_ITGB1,COLLAGEN,ECM-Receptor
COL1A1,ITGA2_ITGB1,COLLAGEN,ECM-Receptor
COL1A2,ITGA2_ITGB1,COLLAGEN,ECM-Receptor
COL2A1,ITGA2_ITGB1,COLLAGEN,ECM-Receptor
COL4A1,ITGA2_ITGB1,COLLAGEN,ECM-Receptor
COL4A2,ITGA2_ITGB1,COLLAGEN,ECM-Receptor
COL4A3,ITGA2_ITGB1,COLLAGEN,ECM-Receptor
COL4A4,ITGA2_ITGB1,COLLAGEN,ECM-Receptor
COL4A5,ITGA2_ITGB1,COLLAGEN,ECM-Receptor
COL4A6,ITGA2_ITGB1,COLLAGEN,ECM-Receptor
COL6A1,ITGA2_ITGB1,COLLAGEN,ECM-Receptor
COL6A2,ITGA2_ITGB1,COLLAGEN,ECM-Receptor
COL6A3,ITGA2_ITGB1,COLLAGEN,ECM-Receptor
COL6A5,ITGA2_ITGB1,COLLAGEN,ECM-Receptor
COL6A6,ITGA2_ITGB1,COLLAGEN,ECM-Receptor
COL9A1,ITGA2_ITGB1,COLLAGEN,ECM-Receptor
COL9A2,ITGA2_ITGB1,COLLAGEN,ECM-Receptor
COL9A3,ITGA2_ITGB1,COLLAGEN,ECM-Receptor
FN1,ITGA3_ITGB1,FN1,ECM-Receptor
FN1,ITGA4_ITGB1,FN1,ECM-Receptor
FN1,ITGA5_ITGB1,FN1,ECM-Receptor
FN1,ITGA8_ITGB1,FN1,ECM-Receptor
LAMA1,ITGA1_ITGB1,LAMININ,ECM-Receptor
LAMA2,ITGA1_ITGB1,LAMININ,ECM-Receptor
LAMA3,ITGA1_ITGB1,LAMININ,ECM-Receptor
LAMA4,ITGA1_ITGB1,LAMININ,ECM-Receptor
LAMA5,ITGA1_ITGB1,LAMININ,ECM-Receptor
LAMB1,ITGA1_ITGB1,LAMININ,ECM-Receptor
LAMB2,ITGA1_ITGB1,LAMININ,ECM-Receptor
LAMB3,ITGA1_ITGB1,LAMININ,ECM-Receptor
LAMC1,ITGA1_ITGB1,LAMININ,ECM-Receptor
LAMC2,ITGA1_ITGB1,LAMININ,ECM-Receptor
LAMC3,ITGA1_ITGB1,LAMININ,ECM-Receptor
LAMA1,ITGA2_ITGB1,LAMININ,ECM-Receptor
LAMA2,ITGA2_ITGB1,LAMININ,ECM-Receptor
LAMA3,ITGA2_ITGB1,LAMININ,ECM-Receptor
LAMA4,ITGA2_ITGB1,LAMININ,ECM-Receptor
LAMA5,ITGA2_ITGB1,LAMININ,ECM-Receptor
LAMB1,ITGA2_ITGB1,LAMININ,ECM-Receptor
LAMB2,ITGA2_ITGB1,LAMININ,ECM-Receptor
LAMB3,ITGA2_ITGB1,LAMININ,ECM-Receptor
LAMC1,ITGA2_ITGB1,LAMININ,ECM-Receptor
LAMC2,ITGA2_ITGB1,LAMININ,ECM-Receptor
LAMC3,ITGA2_ITGB1,LAMININ,ECM-Receptor
CHAD,ITGA2_ITGB1,CHAD,ECM-Receptor
LAMA1,ITGA3_ITGB1,LAMININ,ECM-Receptor
LAMA2,ITGA3_ITGB1,LAMININ,ECM-Receptor
LAMA3,ITGA3_ITGB1,LAMININ,ECM-Receptor
LAMA4,ITGA3_ITGB1,LAMININ,ECM-Receptor
LAMA5,ITGA3_ITGB1,LAMININ,ECM-Receptor
LAMB1,ITGA3_ITGB1,LAMININ,ECM-Receptor
LAMB2,ITGA3_ITGB1,LAMININ,ECM-Receptor
LAMB3,ITGA3_ITGB1,LAMININ,ECM-Receptor
LAMC1,ITGA3_ITGB1,LAMININ,ECM-Receptor
LAMC2,ITGA3_ITGB1,LAMININ,ECM-Receptor
LAMC3,ITGA3_ITGB1,LAMININ,ECM-Receptor
RELN,ITGA3_ITGB1,RELN,ECM-Receptor
THBS1,ITGA3_ITGB1,THBS,ECM-Receptor
THBS2,ITGA3_ITGB1,THBS,ECM-Receptor
THBS3,ITGA3_ITGB1,THBS,ECM-Receptor
THBS4,ITGA3_ITGB1,THBS,ECM-Receptor
COMP,ITGA3_ITGB1,THBS,ECM-Receptor
COL1A1,ITGA3_ITGB1,COLLAGEN,ECM-Receptor
COL1A2,ITGA3_ITGB1,COLLAGEN,ECM-Receptor
COL2A1,ITGA3_ITGB1,COLLAGEN,ECM-Receptor
COL4A1,ITGA3_ITGB1,COLLAGEN,ECM-Receptor
COL4A2,ITGA3_ITGB1,COLLAGEN,ECM-Receptor
COL4A3,ITGA3_ITGB1,COLLAGEN,ECM-Receptor
COL4A4,ITGA3_ITGB1,COLLAGEN,ECM-Receptor
COL4A5,ITGA3_ITGB1,COLLAGEN,ECM-Receptor
COL4A6,ITGA3_ITGB1,COLLAGEN,ECM-Receptor
COL6A1,ITGA3_ITGB1,COLLAGEN,ECM-Receptor
COL6A2,ITGA3_ITGB1,COLLAGEN,ECM-Receptor
COL6A3,ITGA3_ITGB1,COLLAGEN,ECM-Receptor
COL6A5,ITGA3_ITGB1,COLLAGEN,ECM-Receptor
COL6A6,ITGA3_ITGB1,COLLAGEN,ECM-Receptor
COL9A1,ITGA3_ITGB1,COLLAGEN,ECM-Receptor
COL9A2,ITGA3_ITGB1,COLLAGEN,ECM-Receptor
COL9A3,ITGA3_ITGB1,COLLAGEN,ECM-Receptor
LAMA1,ITGA6_ITGB1,LAMININ,ECM-Receptor
LAMA2,ITGA6_ITGB1,LAMININ,ECM-Receptor
LAMA3,ITGA6_ITGB1,LAMININ,ECM-Receptor
LAMA4,ITGA6_ITGB1,LAMININ,ECM-Receptor
LAMA5,ITGA6_ITGB1,LAMININ,ECM-Receptor
LAMB1,ITGA6_ITGB1,LAMININ,ECM-Receptor
LAMB2,ITGA6_ITGB1,LAMININ,ECM-Receptor
LAMB3,ITGA6_ITGB1,LAMININ,ECM-Receptor
LAMC1,ITGA6_ITGB1,LAMININ,ECM-Receptor
LAMC2,ITGA6_ITGB1,LAMININ,ECM-Receptor
LAMC3,ITGA6_ITGB1,LAMININ,ECM-Receptor
LAMA1,ITGA7_ITGB1,LAMININ,ECM-Receptor
LAMA2,ITGA7_ITGB1,LAMININ,ECM-Receptor
LAMA3,ITGA7_ITGB1,LAMININ,ECM-Receptor
LAMA4,ITGA7_ITGB1,LAMININ,ECM-Receptor
LAMA5,ITGA7_ITGB1,LAMININ,ECM-Receptor
LAMB1,ITGA7_ITGB1,LAMININ,ECM-Receptor
LAMB2,ITGA7_ITGB1,LAMININ,ECM-Receptor
LAMB3,ITGA7_ITGB1,LAMININ,ECM-Receptor
LAMC1,ITGA7_ITGB1,LAMININ,ECM-Receptor
LAMC2,ITGA7_ITGB1,LAMININ,ECM-Receptor
LAMC3,ITGA7_ITGB1,LAMININ,ECM-Receptor
VTN,ITGA8_ITGB1,VTN,ECM-Receptor
TNC,ITGA8_ITGB1,TENASCIN,ECM-Receptor
TNR,ITGA8_ITGB1,TENASCIN,ECM-Receptor
TNN,ITGA8_ITGB1,TENASCIN,ECM-Receptor
TNXB,ITGA8_ITGB1,TENASCIN,ECM-Receptor
NPNT_FRAS1_FREM1,ITGA8_ITGB1,NPNT,ECM-Receptor
NPNT_FRAS1_FREM2,ITGA8_ITGB1,NPNT,ECM-Receptor
TNC,ITGA9_ITGB1,TENASCIN,ECM-Receptor
TNR,ITGA9_ITGB1,TENASCIN,ECM-Receptor
TNN,ITGA9_ITGB1,TENASCIN,ECM-Receptor
TNXB,ITGA9_ITGB1,TENASCIN,ECM-Receptor
COL1A1,ITGA9_ITGB1,COLLAGEN,ECM-Receptor
COL1A2,ITGA9_ITGB1,COLLAGEN,ECM-Receptor
COL2A1,ITGA9_ITGB1,COLLAGEN,ECM-Receptor
COL4A1,ITGA9_ITGB1,COLLAGEN,ECM-Receptor
COL4A2,ITGA9_ITGB1,COLLAGEN,ECM-Receptor
COL4A3,ITGA9_ITGB1,COLLAGEN,ECM-Receptor
COL4A4,ITGA9_ITGB1,COLLAGEN,ECM-Receptor
COL4A5,ITGA9_ITGB1,COLLAGEN,ECM-Receptor
COL4A6,ITGA9_ITGB1,COLLAGEN,ECM-Receptor
COL6A1,ITGA9_ITGB1,COLLAGEN,ECM-Receptor
COL6A2,ITGA9_ITGB1,COLLAGEN,ECM-Receptor
COL6A3,ITGA9_ITGB1,COLLAGEN,ECM-Receptor
COL6A5,ITGA9_ITGB1,COLLAGEN,ECM-Receptor
COL6A6,ITGA9_ITGB1,COLLAGEN,ECM-Receptor
COL9A1,ITGA9_ITGB1,COLLAGEN,ECM-Receptor
COL9A2,ITGA9_ITGB1,COLLAGEN,ECM-Receptor
COL9A3,ITGA9_ITGB1,COLLAGEN,ECM-Receptor
LAMA1,ITGA9_ITGB1,LAMININ,ECM-Receptor
LAMA2,ITGA9_ITGB1,LAMININ,ECM-Receptor
LAMA3,ITGA9_ITGB1,LAMININ,ECM-Receptor
LAMA4,ITGA9_ITGB1,LAMININ,ECM-Receptor
LAMA5,ITGA9_ITGB1,LAMININ,ECM-Receptor
LAMB1,ITGA9_ITGB1,LAMININ,ECM-Receptor
LAMB2,ITGA9_ITGB1,LAMININ,ECM-Receptor
LAMB3,ITGA9_ITGB1,LAMININ,ECM-Receptor
LAMC1,ITGA9_ITGB1,LAMININ,ECM-Receptor
LAMC2,ITGA9_ITGB1,LAMININ,ECM-Receptor
LAMC3,ITGA9_ITGB1,LAMININ,ECM-Receptor
COL1A1,ITGA10_ITGB1,COLLAGEN,ECM-Receptor
COL1A2,ITGA10_ITGB1,COLLAGEN,ECM-Receptor
COL2A1,ITGA10_ITGB1,COLLAGEN,ECM-Receptor
COL4A1,ITGA10_ITGB1,COLLAGEN,ECM-Receptor
COL4A2,ITGA10_ITGB1,COLLAGEN,ECM-Receptor
COL4A3,ITGA10_ITGB1,COLLAGEN,ECM-Receptor
COL4A4,ITGA10_ITGB1,COLLAGEN,ECM-Receptor
COL4A5,ITGA10_ITGB1,COLLAGEN,ECM-Receptor
COL4A6,ITGA10_ITGB1,COLLAGEN,ECM-Receptor
COL6A1,ITGA10_ITGB1,COLLAGEN,ECM-Receptor
COL6A2,ITGA10_ITGB1,COLLAGEN,ECM-Receptor
COL6A3,ITGA10_ITGB1,COLLAGEN,ECM-Receptor
COL6A5,ITGA10_ITGB1,COLLAGEN,ECM-Receptor
COL6A6,ITGA10_ITGB1,COLLAGEN,ECM-Receptor
COL9A1,ITGA10_ITGB1,COLLAGEN,ECM-Receptor
COL9A2,ITGA10_ITGB1,COLLAGEN,ECM-Receptor
COL9A3,ITGA10_ITGB1,COLLAGEN,ECM-Receptor
COL1A1,ITGA11_ITGB1,COLLAGEN,ECM-Receptor
COL1A2,ITGA11_ITGB1,COLLAGEN,ECM-Receptor
COL2A1,ITGA11_ITGB1,COLLAGEN,ECM-Receptor
COL4A1,ITGA11_ITGB1,COLLAGEN,ECM-Receptor
COL4A2,ITGA11_ITGB1,COLLAGEN,ECM-Receptor
COL4A3,ITGA11_ITGB1,COLLAGEN,ECM-Receptor
COL4A4,ITGA11_ITGB1,COLLAGEN,ECM-Receptor
COL4A5,ITGA11_ITGB1,COLLAGEN,ECM-Receptor
COL4A6,ITGA11_ITGB1,COLLAGEN,ECM-Receptor
COL6A1,ITGA11_ITGB1,COLLAGEN,ECM-Receptor
COL6A2,ITGA11_ITGB1,COLLAGEN,ECM-Receptor
COL6A3,ITGA11_ITGB1,COLLAGEN,ECM-Receptor
COL6A5,ITGA11_ITGB1,COLLAGEN,ECM-Receptor
COL6A6,ITGA11_ITGB1,COLLAGEN,ECM-Receptor
COL9A1,ITGA11_ITGB1,COLLAGEN,ECM-Receptor
COL9A2,ITGA11_ITGB1,COLLAGEN,ECM-Receptor
COL9A3,ITGA11_ITGB1,COLLAGEN,ECM-Receptor
FN1,ITGAV_ITGB1,FN1,ECM-Receptor
VTN,ITGAV_ITGB1,VTN,ECM-Receptor
DSPP,ITGAV_ITGB1,DSPP,ECM-Receptor
FN1,ITGA4_ITGB7,FN1,ECM-Receptor
FN1,ITGAV_ITGB3,FN1,ECM-Receptor
VTN,ITGAV_ITGB3,VTN,ECM-Receptor
VWF,ITGAV_ITGB3,VWF,ECM-Receptor
TNC,ITGAV_ITGB3,TENASCIN,ECM-Receptor
TNR,ITGAV_ITGB3,TENASCIN,ECM-Receptor
TNN,ITGAV_ITGB3,TENASCIN,ECM-Receptor
TNXB,ITGAV_ITGB3,TENASCIN,ECM-Receptor
IBSP,ITGAV_ITGB3,BSP,ECM-Receptor
THBS1,ITGAV_ITGB3,THBS,ECM-Receptor
THBS2,ITGAV_ITGB3,THBS,ECM-Receptor
THBS3,ITGAV_ITGB3,THBS,ECM-Receptor
THBS4,ITGAV_ITGB3,THBS,ECM-Receptor
COMP,ITGAV_ITGB3,THBS,ECM-Receptor
DMP1,ITGAV_ITGB3,DMP1,ECM-Receptor
FN1,ITGA2B_ITGB3,FN1,ECM-Receptor
VTN,ITGA2B_ITGB3,VTN,ECM-Receptor
VWF,ITGA2B_ITGB3,VWF,ECM-Receptor
TNC,ITGA2B_ITGB3,TENASCIN,ECM-Receptor
TNR,ITGA2B_ITGB3,TENASCIN,ECM-Receptor
TNN,ITGA2B_ITGB3,TENASCIN,ECM-Receptor
TNXB,ITGA2B_ITGB3,TENASCIN,ECM-Receptor
VTN,ITGAV_ITGB5,VTN,ECM-Receptor
IBSP,ITGAV_ITGB5,BSP,ECM-Receptor
TNC,ITGAV_ITGB6,TENASCIN,ECM-Receptor
TNR,ITGAV_ITGB6,TENASCIN,ECM-Receptor
TNN,ITGAV_ITGB6,TENASCIN,ECM-Receptor
TNXB,ITGAV_ITGB6,TENASCIN,ECM-Receptor
FN1,ITGAV_ITGB6,FN1,ECM-Receptor
DSPP,ITGAV_ITGB6,DSPP,ECM-Receptor
VTN,ITGAV_ITGB8,VTN,ECM-Receptor
FN1,ITGAV_ITGB8,FN1,ECM-Receptor
LAMA1,ITGAV_ITGB8,LAMININ,ECM-Receptor
LAMA2,ITGAV_ITGB8,LAMININ,ECM-Receptor
LAMA3,ITGAV_ITGB8,LAMININ,ECM-Receptor
LAMA4,ITGAV_ITGB8,LAMININ,ECM-Receptor
LAMA5,ITGAV_ITGB8,LAMININ,ECM-Receptor
LAMB1,ITGAV_ITGB8,LAMININ,ECM-Receptor
LAMB2,ITGAV_ITGB8,LAMININ,ECM-Receptor
LAMB3,ITGAV_ITGB8,LAMININ,ECM-Receptor
LAMC1,ITGAV_ITGB8,LAMININ,ECM-Receptor
LAMC2,ITGAV_ITGB8,LAMININ,ECM-Receptor
LAMC3,ITGAV_ITGB8,LAMININ,ECM-Receptor
COL1A1,ITGAV_ITGB8,COLLAGEN,ECM-Receptor
COL1A2,ITGAV_ITGB8,COLLAGEN,ECM-Receptor
COL2A1,ITGAV_ITGB8,COLLAGEN,ECM-Receptor
COL4A1,ITGAV_ITGB8,COLLAGEN,ECM-Receptor
COL4A2,ITGAV_ITGB8,COLLAGEN,ECM-Receptor
COL4A3,ITGAV_ITGB8,COLLAGEN,ECM-Receptor
COL4A4,ITGAV_ITGB8,COLLAGEN,ECM-Receptor
COL4A5,ITGAV_ITGB8,COLLAGEN,ECM-Receptor
COL4A6,ITGAV_ITGB8,COLLAGEN,ECM-Receptor
COL6A1,ITGAV_ITGB8,COLLAGEN,ECM-Receptor
COL6A2,ITGAV_ITGB8,COLLAGEN,ECM-Receptor
COL6A3,ITGAV_ITGB8,COLLAGEN,ECM-Receptor
COL6A5,ITGAV_ITGB8,COLLAGEN,ECM-Receptor
COL6A6,ITGAV_ITGB8,COLLAGEN,ECM-Receptor
COL9A1,ITGAV_ITGB8,COLLAGEN,ECM-Receptor
COL9A2,ITGAV_ITGB8,COLLAGEN,ECM-Receptor
COL9A3,ITGAV_ITGB8,COLLAGEN,ECM-Receptor
LAMA1,ITGA6_ITGB4,LAMININ,ECM-Receptor
LAMA2,ITGA6_ITGB4,LAMININ,ECM-Receptor
LAMA3,ITGA6_ITGB4,LAMININ,ECM-Receptor
LAMA4,ITGA6_ITGB4,LAMININ,ECM-Receptor
LAMA5,ITGA6_ITGB4,LAMININ,ECM-Receptor
LAMB1,ITGA6_ITGB4,LAMININ,ECM-Receptor
LAMB2,ITGA6_ITGB4,LAMININ,ECM-Receptor
LAMB3,ITGA6_ITGB4,LAMININ,ECM-Receptor
LAMC1,ITGA6_ITGB4,LAMININ,ECM-Receptor
LAMC2,ITGA6_ITGB4,LAMININ,ECM-Receptor
LAMC3,ITGA6_ITGB4,LAMININ,ECM-Receptor
FN1,CD44,FN1,ECM-Receptor
COL1A1,CD44,COLLAGEN,ECM-Receptor
COL1A2,CD44,COLLAGEN,ECM-Receptor
COL2A1,CD44,COLLAGEN,ECM-Receptor
COL4A1,CD44,COLLAGEN,ECM-Receptor
COL4A2,CD44,COLLAGEN,ECM-Receptor
COL4A3,CD44,COLLAGEN,ECM-Receptor
COL4A4,CD44,COLLAGEN,ECM-Receptor
COL4A5,CD44,COLLAGEN,ECM-Receptor
COL4A6,CD44,COLLAGEN,ECM-Receptor
COL6A1,CD44,COLLAGEN,ECM-Receptor
COL6A2,CD44,COLLAGEN,ECM-Receptor
COL6A3,CD44,COLLAGEN,ECM-Receptor
COL6A5,CD44,COLLAGEN,ECM-Receptor
COL6A6,CD44,COLLAGEN,ECM-Receptor
COL9A1,CD44,COLLAGEN,ECM-Receptor
COL9A2,CD44,COLLAGEN,ECM-Receptor
COL9A3,CD44,COLLAGEN,ECM-Receptor
LAMA1,CD44,LAMININ,ECM-Receptor
LAMA2,CD44,LAMININ,ECM-Receptor
LAMA3,CD44,LAMININ,ECM-Receptor
LAMA4,CD44,LAMININ,ECM-Receptor
LAMA5,CD44,LAMININ,ECM-Receptor
LAMB1,CD44,LAMININ,ECM-Receptor
LAMB2,CD44,LAMININ,ECM-Receptor
LAMB3,CD44,LAMININ,ECM-Receptor
LAMC1,CD44,LAMININ,ECM-Receptor
LAMC2,CD44,LAMININ,ECM-Receptor
LAMC3,CD44,LAMININ,ECM-Receptor
COL1A1,SDC1,COLLAGEN,ECM-Receptor
COL1A2,SDC1,COLLAGEN,ECM-Receptor
COL2A1,SDC1,COLLAGEN,ECM-Receptor
COL4A1,SDC1,COLLAGEN,ECM-Receptor
COL4A2,SDC1,COLLAGEN,ECM-Receptor
COL4A3,SDC1,COLLAGEN,ECM-Receptor
COL4A4,SDC1,COLLAGEN,ECM-Receptor
COL4A5,SDC1,COLLAGEN,ECM-Receptor
COL4A6,SDC1,COLLAGEN,ECM-Receptor
COL6A1,SDC1,COLLAGEN,ECM-Receptor
COL6A2,SDC1,COLLAGEN,ECM-Receptor
COL6A3,SDC1,COLLAGEN,ECM-Receptor
COL6A5,SDC1,COLLAGEN,ECM-Receptor
COL6A6,SDC1,COLLAGEN,ECM-Receptor
COL9A1,SDC1,COLLAGEN,ECM-Receptor
COL9A2,SDC1,COLLAGEN,ECM-Receptor
COL9A3,SDC1,COLLAGEN,ECM-Receptor
FN1,SDC1,FN1,ECM-Receptor
TNC,SDC1,TENASCIN,ECM-Receptor
TNR,SDC1,TENASCIN,ECM-Receptor
TNN,SDC1,TENASCIN,ECM-Receptor
TNXB,SDC1,TENASCIN,ECM-Receptor
THBS1,SDC1,THBS,ECM-Receptor
THBS2,SDC1,THBS,ECM-Receptor
THBS3,SDC1,THBS,ECM-Receptor
THBS4,SDC1,THBS,ECM-Receptor
COMP,SDC1,THBS,ECM-Receptor
COL1A1,SDC4,COLLAGEN,ECM-Receptor
COL1A2,SDC4,COLLAGEN,ECM-Receptor
COL2A1,SDC4,COLLAGEN,ECM-Receptor
COL4A1,SDC4,COLLAGEN,ECM-Receptor
COL4A2,SDC4,COLLAGEN,ECM-Receptor
COL4A3,SDC4,COLLAGEN,ECM-Receptor
COL4A4,SDC4,COLLAGEN,ECM-Receptor
COL4A5,SDC4,COLLAGEN,ECM-Receptor
COL4A6,SDC4,COLLAGEN,ECM-Receptor
COL6A1,SDC4,COLLAGEN,ECM-Receptor
COL6A2,SDC4,COLLAGEN,ECM-Receptor
COL6A3,SDC4,COLLAGEN,ECM-Receptor
COL6A5,SDC4,COLLAGEN,ECM-Receptor
COL6A6,SDC4,COLLAGEN,ECM-Receptor
COL9A1,SDC4,COLLAGEN,ECM-Receptor
COL9A2,SDC4,COLLAGEN,ECM-Receptor
COL9A3,SDC4,COLLAGEN,ECM-Receptor
FN1,SDC4,FN1,ECM-Receptor
TNC,SDC4,TENASCIN,ECM-Receptor
TNR,SDC4,TENASCIN,ECM-Receptor
TNN,SDC4,TENASCIN,ECM-Receptor
TNXB,SDC4,TENASCIN,ECM-Receptor
THBS1,SDC4,THBS,ECM-Receptor
THBS2,SDC4,THBS,ECM-Receptor
THBS3,SDC4,THBS,ECM-Receptor
THBS4,SDC4,THBS,ECM-Receptor
COMP,SDC4,THBS,ECM-Receptor
LAMA1,SV2A,LAMININ,ECM-Receptor
LAMA2,SV2A,LAMININ,ECM-Receptor
LAMA3,SV2A,LAMININ,ECM-Receptor
LAMA4,SV2A,LAMININ,ECM-Receptor
LAMA5,SV2A,LAMININ,ECM-Receptor
LAMB1,SV2A,LAMININ,ECM-Receptor
LAMB2,SV2A,LAMININ,ECM-Receptor
LAMB3,SV2A,LAMININ,ECM-Receptor
LAMC1,SV2A,LAMININ,ECM-Receptor
LAMC2,SV2A,LAMININ,ECM-Receptor
LAMC3,SV2A,LAMININ,ECM-Receptor
LAMA1,SV2B,LAMININ,ECM-Receptor
LAMA2,SV2B,LAMININ,ECM-Receptor
LAMA3,SV2B,LAMININ,ECM-Receptor
LAMA4,SV2B,LAMININ,ECM-Receptor
LAMA5,SV2B,LAMININ,ECM-Receptor
LAMB1,SV2B,LAMININ,ECM-Receptor
LAMB2,SV2B,LAMININ,ECM-Receptor
LAMB3,SV2B,LAMININ,ECM-Receptor
LAMC1,SV2B,LAMININ,ECM-Receptor
LAMC2,SV2B,LAMININ,ECM-Receptor
LAMC3,SV2B,LAMININ,ECM-Receptor
LAMA1,SV2C,LAMININ,ECM-Receptor
LAMA2,SV2C,LAMININ,ECM-Receptor
LAMA3,SV2C,LAMININ,ECM-Receptor
LAMA4,SV2C,LAMININ,ECM-Receptor
LAMA5,SV2C,LAMININ,ECM-Receptor
LAMB1,SV2C,LAMININ,ECM-Receptor
LAMB2,SV2C,LAMININ,ECM-Receptor
LAMB3,SV2C,LAMININ,ECM-Receptor
LAMC1,SV2C,LAMININ,ECM-Receptor
LAMC2,SV2C,LAMININ,ECM-Receptor
LAMC3,SV2C,LAMININ,ECM-Receptor
THBS1,CD36,THBS,ECM-Receptor
THBS2,CD36,THBS,ECM-Receptor
THBS3,CD36,THBS,ECM-Receptor
THBS4,CD36,THBS,ECM-Receptor
COMP,CD36,THBS,ECM-Receptor
VWF,GP1BA_GP1BB_GP5_GP9,VWF,ECM-Receptor
COL1A1,GP6,COLLAGEN,ECM-Receptor
COL1A2,GP6,COLLAGEN,ECM-Receptor
COL2A1,GP6,COLLAGEN,ECM-Receptor
COL4A1,GP6,COLLAGEN,ECM-Receptor
COL4A2,GP6,COLLAGEN,ECM-Receptor
COL4A3,GP6,COLLAGEN,ECM-Receptor
COL4A4,GP6,COLLAGEN,ECM-Receptor
COL4A5,GP6,COLLAGEN,ECM-Receptor
COL4A6,GP6,COLLAGEN,ECM-Receptor
COL6A1,GP6,COLLAGEN,ECM-Receptor
COL6A2,GP6,COLLAGEN,ECM-Receptor
COL6A3,GP6,COLLAGEN,ECM-Receptor
COL6A5,GP6,COLLAGEN,ECM-Receptor
COL6A6,GP6,COLLAGEN,ECM-Receptor
COL9A1,GP6,COLLAGEN,ECM-Receptor
COL9A2,GP6,COLLAGEN,ECM-Receptor
COL9A3,GP6,COLLAGEN,ECM-Receptor
THBS1,CD47,THBS,ECM-Receptor
THBS2,CD47,THBS,ECM-Receptor
THBS3,CD47,THBS,ECM-Receptor
THBS4,CD47,THBS,ECM-Receptor
COMP,CD47,THBS,ECM-Receptor
AGRN,DAG1,AGRN,ECM-Receptor
HSPG2,DAG1,HSPG,ECM-Receptor
LAMA1,DAG1,LAMININ,ECM-Receptor
LAMA2,DAG1,LAMININ,ECM-Receptor
LAMA3,DAG1,LAMININ,ECM-Receptor
LAMA4,DAG1,LAMININ,ECM-Receptor
LAMA5,DAG1,LAMININ,ECM-Receptor
LAMB1,DAG1,LAMININ,ECM-Receptor
LAMB2,DAG1,LAMININ,ECM-Receptor
LAMB3,DAG1,LAMININ,ECM-Receptor
LAMC1,DAG1,LAMININ,ECM-Receptor
LAMC2,DAG1,LAMININ,ECM-Receptor
LAMC3,DAG1,LAMININ,ECM-Receptor
ADGRE5,CD55,ADGRE5,Cell-Cell Contact
ALCAM,CD6,ALCAM,Cell-Cell Contact
ANXA1,FPR2_FPR3,ANXA1,Cell-Cell Contact
APP,CD74,APP,Cell-Cell Contact
CADM1,CADM1,CADM,Cell-Cell Contact
CADM3,CADM3,CADM,Cell-Cell Contact
CD22,PTPRC,CD22,Cell-Cell Contact
CD226,NECTIN2,CD226,Cell-Cell Contact
CD226,PVR,CD226,Cell-Cell Contact
FCER2,ITGAM_ITGB2,CD23,Cell-Cell Contact
FCER2,ITGAX_ITGB2,CD23,Cell-Cell Contact
FCER2,ITGAV_ITGB3,CD23,Cell-Cell Contact
FCER2,CR2,CD23,Cell-Cell Contact
CD34,SELP,CD34,Cell-Cell Contact
ENTPD1,ADORA1,CD39,Cell-Cell Contact
ENTPD1,ADORA2A,CD39,Cell-Cell Contact
ENTPD1,ADORA2B,CD39,Cell-Cell Contact
ENTPD1,TMIGD3,CD39,Cell-Cell Contact
CD40LG,CD40,CD40,Cell-Cell Contact
PTPRC,CD22,CD45,Cell-Cell Contact
PTPRC,MRC1,CD45,Cell-Cell Contact
CD46,JAG1,CD46,Cell-Cell Contact
CD48,CD244,CD48,Cell-Cell Contact
CD6,ALCAM,CD6,Cell-Cell Contact
CD80,CD274,CD80,Cell-Cell Contact
CD80,CD28,CD80,Cell-Cell Contact
CD80,CTLA4,CD80,Cell-Cell Contact
CD86,CD28,CD86,Cell-Cell Contact
CD86,CTLA4,CD86,Cell-Cell Contact
CD96,NECTIN1,CD96,Cell-Cell Contact
CD96,PVR,CD96,Cell-Cell Contact
CD99,PILRA,CD99,Cell-Cell Contact
CD99,CD99,CD99,Cell-Cell Contact
CD99,CD99L2,CD99,Cell-Cell Contact
CDH15,CDH15,CDH,Cell-Cell Contact
CDH4,CDH4,CDH,Cell-Cell Contact
CDH2,CDH2,CDH,Cell-Cell Contact
CDH1,CDH1,CDH,Cell-Cell Contact
CDH1,ITGA2_ITGB1,CDH1,Cell-Cell Contact
CDH1,ITGAE_ITGB7,CDH1,Cell-Cell Contact
CDH1,KLRG1,CDH1,Cell-Cell Contact
CDH5,CDH5,CDH5,Cell-Cell Contact
CD1D,CEACAM5,CEACAM,Cell-Cell Contact
CD209,CEACAM1,CEACAM,Cell-Cell Contact
CD8A,CEACAM5,CEACAM,Cell-Cell Contact
CEACAM1,CEACAM5,CEACAM,Cell-Cell Contact
SELE,CEACAM1,CEACAM,Cell-Cell Contact
CLDN11,CLDN11,CLDN,Cell-Cell Contact
CLEC2D,KLRB1,CLEC,Cell-Cell Contact
CLEC2A,KLRB1,CLEC,Cell-Cell Contact
CLEC2B,KLRB1,CLEC,Cell-Cell Contact
CD69,KLRB1,CLEC,Cell-Cell Contact
CLEC2L,KLRB1,CLEC,Cell-Cell Contact
CLEC1B,KLRB1,CLEC,Cell-Cell Contact
NFASC,CNTN1_CNTNAP1,CNTN,Cell-Cell Contact
CNTN2,CNTN2_CNTNAP2,CNTN,Cell-Cell Contact
CNTN2,L1CAM,CNTN,Cell-Cell Contact
CNTN2,CNTN2,CNTN,Cell-Cell Contact
CNTN1,NRCAM,CNTN,Cell-Cell Contact
CSPG4,ITGA3_ITGB1,CSPG4,Cell-Cell Contact
DSC1,DSG1,DESMOSOME,Cell-Cell Contact
DSC1,DSG2,DESMOSOME,Cell-Cell Contact
DSC2,DSG1,DESMOSOME,Cell-Cell Contact
DSC2,DSG2,DESMOSOME,Cell-Cell Contact
DSG1,DSC3,DESMOSOME,Cell-Cell Contact
DSG2,DSC3,DESMOSOME,Cell-Cell Contact
EPGN,EGFR,EPGN,Cell-Cell Contact
EFNA1,EPHA1,EPHA,Cell-Cell Contact
EFNA1,EPHA2,EPHA,Cell-Cell Contact
EFNA1,EPHA3,EPHA,Cell-Cell Contact
EFNA1,EPHA4,EPHA,Cell-Cell Contact
EFNA1,EPHA5,EPHA,Cell-Cell Contact
EFNA1,EPHA7,EPHA,Cell-Cell Contact
EFNA1,EPHA8,EPHA,Cell-Cell Contact
EFNA2,EPHA1,EPHA,Cell-Cell Contact
EFNA2,EPHA2,EPHA,Cell-Cell Contact
EFNA2,EPHA3,EPHA,Cell-Cell Contact
EFNA2,EPHA4,EPHA,Cell-Cell Contact
EFNA2,EPHA5,EPHA,Cell-Cell Contact
EFNA2,EPHA7,EPHA,Cell-Cell Contact
EFNA2,EPHA8,EPHA,Cell-Cell Contact
EFNA3,EPHA1,EPHA,Cell-Cell Contact
EFNA3,EPHA2,EPHA,Cell-Cell Contact
EFNA3,EPHA3,EPHA,Cell-Cell Contact
EFNA3,EPHA4,EPHA,Cell-Cell Contact
EFNA3,EPHA5,EPHA,Cell-Cell Contact
EFNA3,EPHA7,EPHA,Cell-Cell Contact
EFNA3,EPHA8,EPHA,Cell-Cell Contact
EFNA4,EPHA1,EPHA,Cell-Cell Contact
EFNA4,EPHA2,EPHA,Cell-Cell Contact
EFNA4,EPHA3,EPHA,Cell-Cell Contact
EFNA4,EPHA4,EPHA,Cell-Cell Contact
EFNA4,EPHA5,EPHA,Cell-Cell Contact
EFNA4,EPHA7,EPHA,Cell-Cell Contact
EFNA4,EPHA8,EPHA,Cell-Cell Contact
EFNA5,EPHA1,EPHA,Cell-Cell Contact
EFNA5,EPHA2,EPHA,Cell-Cell Contact
EFNA5,EPHA3,EPHA,Cell-Cell Contact
EFNA5,EPHA4,EPHA,Cell-Cell Contact
EFNA5,EPHA5,EPHA,Cell-Cell Contact
EFNA5,EPHA7,EPHA,Cell-Cell Contact
EFNA5,EPHA8,EPHA,Cell-Cell Contact
EFNA5,EPHB2,EPHA,Cell-Cell Contact
EFNB1,EPHA4,EPHB,Cell-Cell Contact
EFNB1,EPHB1,EPHB,Cell-Cell Contact
EFNB1,EPHB2,EPHB,Cell-Cell Contact
EFNB1,EPHB3,EPHB,Cell-Cell Contact
EFNB1,EPHB4,EPHB,Cell-Cell Contact
EFNB2,EPHA4,EPHB,Cell-Cell Contact
EFNB2,EPHB1,EPHB,Cell-Cell Contact
EFNB2,EPHB2,EPHB,Cell-Cell Contact
EFNB2,EPHB3,EPHB,Cell-Cell Contact
EFNB2,EPHB4,EPHB,Cell-Cell Contact
EFNB3,EPHA4,EPHB,Cell-Cell Contact
EFNB3,EPHB1,EPHB,Cell-Cell Contact
EFNB3,EPHB2,EPHB,Cell-Cell Contact
EFNB3,EPHB3,EPHB,Cell-Cell Contact
EFNB3,EPHB4,EPHB,Cell-Cell Contact
EFNB3,EPHB6,EPHB,Cell-Cell Contact
ESAM,ESAM,ESAM,Cell-Cell Contact
GP1BA,ITGAM_ITGB2,GP1BA,Cell-Cell Contact
ICAM1,ITGAX_ITGB2,ICAM,Cell-Cell Contact
ICAM1,ITGAL_ITGB2,ICAM,Cell-Cell Contact
ICAM2,ITGAL_ITGB2,ICAM,Cell-Cell Contact
ICAM1,ITGAM_ITGB2,ICAM,Cell-Cell Contact
ICAM2,ITGAM_ITGB2,ICAM,Cell-Cell Contact
ICAM1,ITGAL,ICAM,Cell-Cell Contact
ICAM1,SPN,ICAM,Cell-Cell Contact
ICAM5,CD209,ICAM,Cell-Cell Contact
ICOSLG,ICOS,ICOS,Cell-Cell Contact
ICOSLG,CD28,ICOS,Cell-Cell Contact
ICOSLG,CTLA4,ICOS,Cell-Cell Contact
ITGB2,CD226,ITGB2,Cell-Cell Contact
ITGB2,ICAM1,ITGB2,Cell-Cell Contact
ITGB2,ICAM2,ITGB2,Cell-Cell Contact
JAM2,ITGA3_ITGB1,JAM,Cell-Cell Contact
JAM2,ITGAV_ITGB1,JAM,Cell-Cell Contact
JAM3,ITGAM_ITGB2,JAM,Cell-Cell Contact
F11R,ITGAL_ITGB2,JAM,Cell-Cell Contact
JAM2,JAM3,JAM,Cell-Cell Contact
F11R,F11R,JAM,Cell-Cell Contact
F11R,JAM2,JAM,Cell-Cell Contact
F11R,JAM3,JAM,Cell-Cell Contact
JAM2,F11R,JAM,Cell-Cell Contact
JAM2,JAM2,JAM,Cell-Cell Contact
JAM3,F11R,JAM,Cell-Cell Contact
JAM3,JAM2,JAM,Cell-Cell Contact
JAM3,JAM3,JAM,Cell-Cell Contact
L1CAM,ITGAV_ITGB3,L1CAM,Cell-Cell Contact
L1CAM,ITGA4_ITGB7,L1CAM,Cell-Cell Contact
L1CAM,L1CAM,L1CAM,Cell-Cell Contact
LCK,CD8A_CD8B,LCK,Cell-Cell Contact
MADCAM1,ITGA4_ITGB7,MADCAM,Cell-Cell Contact
MAG,MAG,MAG,Cell-Cell Contact
HLA-A,CD8A,MHC-I,Cell-Cell Contact
HLA-B,CD8A,MHC-I,Cell-Cell Contact
HLA-C,CD8A,MHC-I,Cell-Cell Contact
HLA-E,CD8A,MHC-I,Cell-Cell Contact
HLA-F,CD8A,MHC-I,Cell-Cell Contact
HLA-G,CD8A,MHC-I,Cell-Cell Contact
HLA-A,CD8B,MHC-I,Cell-Cell Contact
HLA-B,CD8B,MHC-I,Cell-Cell Contact
HLA-C,CD8B,MHC-I,Cell-Cell Contact
HLA-E,CD8B,MHC-I,Cell-Cell Contact
HLA-F,CD8B,MHC-I,Cell-Cell Contact
HLA-G,CD8B,MHC-I,Cell-Cell Contact
HLA-A,CD8B2,MHC-I,Cell-Cell Contact
HLA-B,CD8B2,MHC-I,Cell-Cell Contact
HLA-C,CD8B2,MHC-I,Cell-Cell Contact
HLA-E,CD8B2,MHC-I,Cell-Cell Contact
HLA-F,CD8B2,MHC-I,Cell-Cell Contact
HLA-G,CD8B2,MHC-I,Cell-Cell Contact
HLA-C,KIR2DL1,MHC-I,Cell-Cell Contact
HLA-C,KIR2DL2,MHC-I,Cell-Cell Contact
HLA-C,KIR2DL3,MHC-I,Cell-Cell Contact
HLA-C,KIR2DS1,MHC-I,Cell-Cell Contact
HLA-C,KIR2DS4,MHC-I,Cell-Cell Contact
HLA-G,LILRB1,MHC-I,Cell-Cell Contact
HLA-G,LILRB2,MHC-I,Cell-Cell Contact
HLA-F,KIR3DL1,MHC-I,Cell-Cell Contact
HLA-F,KIR3DL2,MHC-I,Cell-Cell Contact
HLA-B,KIR3DL2,MHC-I,Cell-Cell Contact
HLA-C,KIR3DL3,MHC-I,Cell-Cell Contact
HLA-E,KLRC1,MHC-I,Cell-Cell Contact
HLA-E,KLRC2,MHC-I,Cell-Cell Contact
HLA-A,KIR3DL1,MHC-I,Cell-Cell Contact
HLA-F,LILRB1,MHC-I,Cell-Cell Contact
HLA-E,KLRK1,MHC-I,Cell-Cell Contact
HLA-F,KIR3DS1,MHC-I,Cell-Cell Contact
HLA-E,KLRD1_KLRC1,MHC-I,Cell-Cell Contact
HLA-E,KLRD1_KLRC2,MHC-I,Cell-Cell Contact
HLA-E,KLRD1_KLRC3,MHC-I,Cell-Cell Contact
ULBP1,KLRK1,MHC-I,Cell-Cell Contact
RAET1E,KLRK1,MHC-I,Cell-Cell Contact
RAET1G,KLRK1,MHC-I,Cell-Cell Contact
RAET1F,KLRK1,MHC-I,Cell-Cell Contact
HLA-DPA1,CD4,MHC-II,Cell-Cell Contact
HLA-DPB1,CD4,MHC-II,Cell-Cell Contact
HLA-DQA1,CD4,MHC-II,Cell-Cell Contact
HLA-DMA,CD4,MHC-II,Cell-Cell Contact
HLA-DMB,CD4,MHC-II,Cell-Cell Contact
HLA-DQA2,CD4,MHC-II,Cell-Cell Contact
HLA-DOA,CD4,MHC-II,Cell-Cell Contact
HLA-DOB,CD4,MHC-II,Cell-Cell Contact
HLA-DQB1,CD4,MHC-II,Cell-Cell Contact
HLA-DRA,CD4,MHC-II,Cell-Cell Contact
HLA-DRB1,CD4,MHC-II,Cell-Cell Contact
HLA-DRB3,CD4,MHC-II,Cell-Cell Contact
HLA-DRB4,CD4,MHC-II,Cell-Cell Contact
HLA-DRB5,CD4,MHC-II,Cell-Cell Contact
MPZ,MPZL1,MPZ,Cell-Cell Contact
MPZ,MPZ,MPZ,Cell-Cell Contact
MPZL1,MPZL1,MPZ,Cell-Cell Contact
NCAM1,FGFR1,NCAM,Cell-Cell Contact
NCAM1,NCAM1,NCAM,Cell-Cell Contact
NCAM1,NCAM2,NCAM,Cell-Cell Contact
NCAM1,L1CAM,NCAM,Cell-Cell Contact
NCAM2,L1CAM,NCAM,Cell-Cell Contact
NECTIN1,CADM3,NECTIN,Cell-Cell Contact
NECTIN1,CD96,NECTIN,Cell-Cell Contact
NECTIN1,NECTIN4,NECTIN,Cell-Cell Contact
NECTIN3,NECTIN1,NECTIN,Cell-Cell Contact
NECTIN3,NECTIN2,NECTIN,Cell-Cell Contact
NECTIN3,PVR,NECTIN,Cell-Cell Contact
NECTIN3,TIGIT,NECTIN,Cell-Cell Contact
NECTIN2,CD226,NECTIN,Cell-Cell Contact
NECTIN2,TIGIT,NECTIN,Cell-Cell Contact
NECTIN1,NECTIN3,NECTIN,Cell-Cell Contact
NEGR1,NEGR1,NEGR,Cell-Cell Contact
LRRC4C,NTNG1,NGL,Cell-Cell Contact
LRRC4,NTNG2,NGL,Cell-Cell Contact
LRRC4B,PTPRF,NGL,Cell-Cell Contact
ULBP1,KLRK1_HCST,NKG2D,Cell-Cell Contact
DLK1,NOTCH1,NOTCH,Cell-Cell Contact
DLK1,NOTCH2,NOTCH,Cell-Cell Contact
DLK1,NOTCH3,NOTCH,Cell-Cell Contact
DLK1,NOTCH4,NOTCH,Cell-Cell Contact
DLL1,NOTCH1,NOTCH,Cell-Cell Contact
DLL1,NOTCH3,NOTCH,Cell-Cell Contact
DLL1,NOTCH4,NOTCH,Cell-Cell Contact
DLL3,NOTCH1,NOTCH,Cell-Cell Contact
DLL3,NOTCH2,NOTCH,Cell-Cell Contact
DLL3,NOTCH3,NOTCH,Cell-Cell Contact
DLL3,NOTCH4,NOTCH,Cell-Cell Contact
DLL4,NOTCH1,NOTCH,Cell-Cell Contact
DLL4,NOTCH2,NOTCH,Cell-Cell Contact
DLL4,NOTCH3,NOTCH,Cell-Cell Contact
DLL4,NOTCH4,NOTCH,Cell-Cell Contact
JAG1,NOTCH1,NOTCH,Cell-Cell Contact
JAG1,NOTCH2,NOTCH,Cell-Cell Contact
JAG1,NOTCH3,NOTCH,Cell-Cell Contact
JAG1,NOTCH4,NOTCH,Cell-Cell Contact
JAG2,NOTCH1,NOTCH,Cell-Cell Contact
JAG2,NOTCH2,NOTCH,Cell-Cell Contact
JAG2,NOTCH3,NOTCH,Cell-Cell Contact
JAG2,NOTCH4,NOTCH,Cell-Cell Contact
DLL1,NOTCH2,NOTCH,Cell-Cell Contact
NRXN1,NLGN1,NRXN,Cell-Cell Contact
NRXN1,NLGN2,NRXN,Cell-Cell Contact
NRXN1,NLGN3,NRXN,Cell-Cell Contact
NRXN2,NLGN1,NRXN,Cell-Cell Contact
NRXN2,NLGN2,NRXN,Cell-Cell Contact
NRXN2,NLGN3,NRXN,Cell-Cell Contact
NRXN3,NLGN1,NRXN,Cell-Cell Contact
NRXN3,NLGN2,NRXN,Cell-Cell Contact
NRXN3,NLGN3,NRXN,Cell-Cell Contact
OCLN,OCLN,OCLN,Cell-Cell Contact
CD274,PDCD1,PD-L1,Cell-Cell Contact
PDCD1LG2,PDCD1,PDL2,Cell-Cell Contact
PECAM1,PECAM1,PECAM1,Cell-Cell Contact
PTPRM,PTPRM,PTPRM,Cell-Cell Contact
PVR,CD226,PVR,Cell-Cell Contact
PVR,TIGIT,PVR,Cell-Cell Contact
SELE,CD44,SELE,Cell-Cell Contact
SELE,GLG1,SELE,Cell-Cell Contact
SELL,CD34,SELL,Cell-Cell Contact
SELL,PODXL,SELL,Cell-Cell Contact
SELL,GLYCAM1,SELL,Cell-Cell Contact
SELL,MADCAM1,SELL,Cell-Cell Contact
SELPLG,SELE,SELPLG,Cell-Cell Contact
SELPLG,SELL,SELPLG,Cell-Cell Contact
SELPLG,SELP,SELPLG,Cell-Cell Contact
SEMA4A,NRP1_PLXNA1,SEMA4,Cell-Cell Contact
SEMA4A,NRP1_PLXNA2,SEMA4,Cell-Cell Contact
SEMA4A,NRP1_PLXNA3,SEMA4,Cell-Cell Contact
SEMA4A,NRP1_PLXNA4,SEMA4,Cell-Cell Contact
SEMA4A,PLXNB1,SEMA4,Cell-Cell Contact
SEMA4A,PLXNB2,SEMA4,Cell-Cell Contact
SEMA4A,PLXNB3,SEMA4,Cell-Cell Contact
SEMA4D,PLXNB1,SEMA4,Cell-Cell Contact
SEMA4D,PLXNB2,SEMA4,Cell-Cell Contact
SEMA4D,PLXNB3,SEMA4,Cell-Cell Contact
SEMA4C,PLXNB2,SEMA4,Cell-Cell Contact
SEMA4G,PLXNB2,SEMA4,Cell-Cell Contact
SEMA4D,CD72,SEMA4,Cell-Cell Contact
SEMA5A,PLXNA1,SEMA5,Cell-Cell Contact
SEMA5B,PLXNA1,SEMA5,Cell-Cell Contact
SEMA5A,PLXNA3,SEMA5,Cell-Cell Contact
SEMA5B,PLXNA3,SEMA5,Cell-Cell Contact
SEMA5A,PLXNB3,SEMA5,Cell-Cell Contact
SEMA6D,PLXNA1_KDR,SEMA6,Cell-Cell Contact
SEMA6D,PLXNA1_TREM2_TYROBP,SEMA6,Cell-Cell Contact
SEMA6D,PLXNA1,SEMA6,Cell-Cell Contact
SEMA6A,PLXNA2,SEMA6,Cell-Cell Contact
SEMA6B,PLXNA2,SEMA6,Cell-Cell Contact
SEMA6A,PLXNA4,SEMA6,Cell-Cell Contact
SEMA6B,PLXNA4,SEMA6,Cell-Cell Contact
SEMA7A,ITGB1_ITGA1,SEMA7,Cell-Cell Contact
SEMA7A,PLXNC1,SEMA7,Cell-Cell Contact
SIGLEC1,SPN,SN,Cell-Cell Contact
THY1,ITGAM_ITGB2,THY1,Cell-Cell Contact
THY1,ITGAX_ITGB2,THY1,Cell-Cell Contact
THY1,ITGAV_ITGB3,THY1,Cell-Cell Contact
TIGIT,NECTIN2,TIGIT,Cell-Cell Contact
TIGIT,PVR,TIGIT,Cell-Cell Contact
ITGA4_ITGB1,VCAM1,VCAM,Cell-Cell Contact
ITGA9_ITGB1,VCAM1,VCAM,Cell-Cell Contact
ITGA4_ITGB7,VCAM1,VCAM,Cell-Cell Contact
VSIR,IGSF11,VISTA,Cell-Cell Contact
